id,run_id,coin,direction,score,confidence,signal_type,signal_state,watchlist,perp_active,spot_active,weighted_flow,price_position,pct_1h,pct_4h,pct_24h,final_score,threshold_score,avg_leverage,avg_liq_distance,longterm_leverage_ratio,highrisk_leverage_ratio,leverage_note,conclusion,risk,reason,created_at,created_at_cn,alert_score,long_score,long_candidate_score,short_candidate_score,signal_category,candidate_state,candidate_gate,candidate_block_reasons,candidate_side,alert_threshold_score,long_threshold_score,model_version
21816,1389,LIT,bullish,5.662853638026519,低,普通趋势,合约主导,observe,1016112.1608999999,0.0,847073.6644159511,0.7054519368723096,-0.012264779058768355,4.522143668266223,1.9271986854325907,4.24071340950663,8.0,4.7038645980417835,42.78550650750349,0.9999062169850078,9.378301499237744e-05,同向仓位$21.05M，均杠杆=4.7x，均强平距离=42.8%，长期型占比=100%，高风险占比=0%,只观察 / 等待确认,历史样本/胜率不足；窗口内含断跑gap,本轮合约主动变化$1.02M；主滚动窗口取30d：$15.71M，资金分+2.0；杠杆健康：低/中杠杆99% 均4.8x；30d$15.71M 质量=0.75 覆盖=89% 钱包=11 持续=322轮/27天；含断跑gap=7；其他成熟窗口同向确认1组，确认分+0.2；历史样本不足；该币24h弱于BTC；同方向低/中杠杆仓位占比100%；同方向平均强平距离42.8%较安全；资金费率中性：+0.0091%；流动性可接受：24h成交额$66.27M,2026-08-21 16:24:00,2026-08-22 00:24:00,4.24071340950663,4.197853638026518,4.197853638026518,0.0,只观察,WATCH,PASS,,long,8.0,8.0,2
21817,1389,ZEC,bearish,-5.785,低,高位加空,合约主导,observe,-1449648.1433999985,0.0,-2212448.565766075,0.890227890837475,0.22212383976551675,1.522461919121631,11.455468405147537,-4.22125,8.0,8.7937518098968,336.8347041817122,0.22538755423320422,0.7746124457667961,同向仓位$90.37M，均杠杆=8.8x，均强平距离=336.8%，长期型占比=23%，高风险占比=77%,只观察 / 等待确认,历史样本/胜率不足；长期资格未通过：高杠杆占比过高；同方向高杠杆/爆仓边缘仓位占比77%；长期多空硬门槛未通过：高杠杆占比过高(77%),本轮合约主动变化-$1.45M；本轮钱包质量加权资金流-$2.21M；主滚动窗口取72h：-$18.00M，资金分-1.6；杠杆健康：低/中杠杆17% 均9.0x；72h-$18.00M 质量=1.00 覆盖=100% 钱包=25 持续=37轮/4天；其他成熟窗口同向确认2组，确认分-0.5；长期资格未通过：高杠杆占比过高；历史样本不足；该币24h强于BTC，空头谨慎；价格靠近24h高位，空头加分；同方向平均强平距离336.8%较安全；资金费率中性：+0.0174%；流动性可接受：24h成交额$410.65M,2026-08-21 16:24:00,2026-08-22 00:24:00,-4.22125,-2.0900000000000003,0.0,2.0900000000000003,只观察,WATCH,BLOCK,高杠杆占比过高(77%),short,8.0,8.0,2
21818,1389,HYPE,bullish,3.505,低,高位突破,合约主导,observe,4635326.387744999,-2267.90500395271,15923186.48041488,0.8260643821391486,0.028032387185943624,3.363557974724491,4.043424603658965,3.0225000000000004,7.0,7.391527186530016,39.96671066557414,0.48116691381824256,0.5188330861817572,同向仓位$446.61M，均杠杆=7.4x，均强平距离=40.0%，长期型占比=48%，高风险占比=52%,只观察 / 等待确认,历史样本/胜率不足；本轮异动与滚动方向冲突；长期资格未通过：本轮异动与滚动方向冲突；同方向高杠杆仓位偏多52%；长期多空硬门槛未通过：高杠杆占比过高(52%),本轮合约主动变化$4.64M；本轮钱包质量加权资金流$15.92M；主滚动窗口取72h：-$8.82M，资金分-1.6；72h-$8.82M 质量=1.00 覆盖=100% 钱包=56 持续=28轮/3天；其他成熟窗口同向确认1组，确认分-0.2；存在反向滚动窗口1组，冲突扣分+0.2；长期资格未通过：本轮异动与滚动方向冲突；历史样本不足；该币24h弱于BTC；靠近24h高位，可能突破延续；资金费率中性：+0.0030%；流动性可接受：24h成交额$1.40B,2026-08-21 16:24:00,2026-08-22 00:24:00,3.0225000000000004,0.6045,0.6045,0.0,只观察,WATCH,BLOCK,高杠杆占比过高(52%),long,7.0,7.0,2
21819,1389,ONDO,bearish,-3.435,低,普通趋势,合约主导,observe,-1693348.7826599993,0.0,-776396.4163599864,,,,,-2.70875,8.0,9.25105482803077,1804.8676030222186,0.07485882514833685,0.9251411748516629,同向仓位$9.29M，均杠杆=9.3x，均强平距离=1804.9%，长期型占比=7%，高风险占比=93%,只观察 / 等待确认,历史样本/胜率不足；长期资格未通过：高杠杆占比过高；同方向高杠杆/爆仓边缘仓位占比93%；长期多空硬门槛未通过：高杠杆占比过高(93%),本轮合约主动变化-$1.69M；主滚动窗口取6h：-$1.64M，资金分-0.8；杠杆健康：低/中杠杆7% 均9.3x；6h-$1.64M 质量=1.00 覆盖=83% 钱包=0 持续=4轮/1天；长期资格未通过：高杠杆占比过高；历史样本不足；同方向平均强平距离1804.9%较安全,2026-08-21 16:24:00,2026-08-22 00:24:00,-2.70875,-0.16500000000000004,0.0,0.16500000000000004,只观察,WATCH,BLOCK,高杠杆占比过高(93%),short,8.0,8.0,2
21820,1389,DOGE,bearish,-3.0,低,普通趋势,合约主导,observe,-1250494.5692999999,0.0,-477085.68978354626,,,,,-2.6,8.0,9.685707209894336,1719.9702200147601,0.059673327853995976,0.9403266721460039,同向仓位$15.59M，均杠杆=9.7x，均强平距离=1720.0%，长期型占比=6%，高风险占比=94%,只观察 / 等待确认,历史样本/胜率不足；长期资格未通过：滚动窗口未成熟；同方向高杠杆/爆仓边缘仓位占比94%；长期多空硬门槛未通过：高杠杆占比过高(94%),本轮合约主动变化-$1.25M；长期资格未通过：滚动窗口未成熟；历史样本不足；同方向平均强平距离1720.0%较安全,2026-08-21 16:24:00,2026-08-22 00:24:00,-2.6,0.0,0.0,0.0,只观察,WATCH,BLOCK,高杠杆占比过高(94%),short,8.0,8.0,2
21821,1389,ETH,bullish,4.085445834431065,低,普通趋势,合约主导,observe,7381355.6744000055,0.0,628697.7462355621,0.6144876325088326,0.07728943850266999,0.25739756414010945,2.1818879836198284,2.4463614586077664,9.0,15.29808850448255,48.1013225218736,0.15170429055745113,0.8482957094425487,同向仓位$107.21M，均杠杆=15.3x，均强平距离=48.1%，长期型占比=15%，高风险占比=85%,只观察 / 等待确认,历史样本/胜率不足；长期资格未通过：高杠杆占比过高；同方向高杠杆/爆仓边缘仓位占比85%；同方向平均杠杆15.3x，偏短线；长期多空硬门槛未通过：高杠杆占比过高(85%)、平均杠杆过高(15.3x),本轮合约主动变化$7.38M；主滚动窗口取72h：$60.65M，资金分+1.6；杠杆风险：高风险84% 均16.3x；72h$60.65M 质量=1.00 覆盖=100% 钱包=40 持续=44轮/4天；长期资格未通过：高杠杆占比过高；历史样本不足；该币24h弱于BTC；同方向平均强平距离48.1%较安全；资金费率中性：+0.0013%；流动性可接受：24h成交额$2.94B,2026-08-21 16:24:00,2026-08-22 00:24:00,2.4463614586077664,0.10044583443106503,0.10044583443106503,0.0,只观察,WATCH,BLOCK,高杠杆占比过高(85%)、平均杠杆过高(15.3x),long,9.0,9.0,2
21822,1389,LINK,bearish,-2.8875,低,高位加空,合约主导,observe,-1580646.6523999998,0.0,-640438.8986082886,0.7844311377245508,0.1733402669440074,1.5641476274165118,7.207123643446797,-1.885,8.0,9.969093918866724,1067.6655072562119,0.010028831101708716,0.9899711688982915,同向仓位$23.48M，均杠杆=10.0x，均强平距离=1067.7%，长期型占比=1%，高风险占比=99%,只观察 / 等待确认,历史样本/胜率不足；滚动信号钱包集中度过高，可能是单钱包异动；本轮异动与滚动方向冲突；长期资格未通过：钱包集中度过高、高杠杆占比过高、本轮异动与滚动方向冲突；同方向高杠杆/爆仓边缘仓位占比99%；长期多空硬门槛未通过：钱包集中度过高、Top1贡献过高(100%)、高杠杆占比过高(99%),本轮合约主动变化-$1.58M；主滚动窗口取2h：-$1.12M，资金分-0.2；杠杆健康：低/中杠杆1% 均10.0x；2h-$1.12M 质量=0.45 覆盖=100% 钱包=1 持续=3轮/1天；Top1占比100%；长期资格未通过：钱包集中度过高、高杠杆占比过高、本轮异动与滚动方向冲突；历史样本不足；价格靠近24h高位，空头加分；同方向平均强平距离1067.7%较安全；资金费率中性：+0.0076%；流动性可接受：24h成交额$42.71M,2026-08-21 16:24:00,2026-08-22 00:24:00,-1.885,0.0,0.0,0.0,只观察,WATCH,BLOCK,钱包集中度过高、Top1贡献过高(100%)、高杠杆占比过高(99%),short,8.0,8.0,2
21823,1389,XMR,bearish,-0.8977499999999999,低,普通趋势,滚动建仓/减仓,observe,-244750.42693499938,0.0,109056.3912183827,0.279501385041552,0.0012117980659691846,-0.6823925863521434,-3.0555425027019396,-0.8999999999999999,8.0,4.719960168784216,588.915558638451,0.9988751652002529,0.0011248347997470315,同向仓位$22.84M，均杠杆=4.7x，均强平距离=588.9%，长期型占比=100%，高风险占比=0%,只观察 / 等待确认,历史样本/胜率不足；滚动信号钱包集中度过高，可能是单钱包异动；窗口内含断跑gap；长期资格未通过：钱包集中度过高；长期多空硬门槛未通过：钱包集中度过高、Top1贡献过高(100%),主滚动窗口取15d：-$11.26M，资金分-0.4；杠杆风险：高风险0% 均4.6x；15d-$11.26M 质量=0.20 覆盖=99% 钱包=1 持续=208轮/16天；含断跑gap=6；参与钱包少：1/3个；Top1占比100%；长期资格未通过：钱包集中度过高；历史样本不足；该币24h弱于BTC；同方向低/中杠杆仓位占比100%；同方向平均强平距离588.9%较安全；资金费率中性：+0.0105%；流动性可接受：24h成交额$22.61M,2026-08-21 16:24:00,2026-08-22 00:24:00,-0.8999999999999999,-2.43775,0.0,2.43775,只观察,WATCH,BLOCK,钱包集中度过高、Top1贡献过高(100%),short,8.0,8.0,2
21824,1389,GRAM,bearish,-1.2225,低,高位加空,滚动建仓/减仓,observe,-328880.75589999993,0.0,-376757.4715947879,0.816624895572263,0.16632722335368913,0.6034365198418127,5.261468217164871,-0.65,8.0,4.8349335539064615,1081.0569910587087,0.9941376308701747,0.005862369129825273,同向仓位$8.04M，均杠杆=4.8x，均强平距离=1081.1%，长期型占比=99%，高风险占比=1%,只观察 / 等待确认,历史样本/胜率不足；流动性偏低：24h成交额$10.86M,主滚动窗口取6h：-$1.55M，资金分-0.8；杠杆风险：高风险1% 均4.8x；6h-$1.55M 质量=1.00 覆盖=83% 钱包=0 持续=6轮/1天；历史样本不足；价格靠近24h高位，空头加分；同方向低/中杠杆仓位占比99%；同方向平均强平距离1081.1%较安全；资金费率中性：+0.0053%,2026-08-21 16:24:00,2026-08-22 00:24:00,-0.65,-2.5925,0.0,2.5925,只观察,WATCH,PASS,,short,8.0,8.0,2
21825,1389,PUMP,bearish,-2.341735416401622,低,高位加空,滚动建仓/减仓,observe,328898.19939700013,0.0,194011.02959447756,0.7522935779816516,-0.31522793404461663,2.3910336239103294,13.250688705234163,-0.07500000000000001,8.0,6.990680512449392,716.169804229958,0.5387618801013457,0.4612381198986543,同向仓位$46.33M，均杠杆=7.0x，均强平距离=716.2%，长期型占比=54%，高风险占比=46%,只观察 / 等待确认,历史样本/胜率不足；窗口内含断跑gap；同方向高杠杆仓位偏多46%,主滚动窗口取30d：-$17.40M，资金分-2.0；30d-$17.40M 质量=0.75 覆盖=89% 钱包=18 持续=375轮/27天；含断跑gap=7；其他成熟窗口同向确认2组，确认分-0.5；历史样本不足；该币24h强于BTC，空头谨慎；价格靠近24h高位，空头加分；同方向平均强平距离716.2%较安全；资金费率中性：+0.0026%；流动性可接受：24h成交额$147.30M,2026-08-21 16:24:00,2026-08-22 00:24:00,-0.07500000000000001,-2.586735416401622,0.0,2.586735416401622,只观察,WATCH,PASS,,short,8.0,8.0,2
21826,1389,MAX,bearish,-0.7800000000000001,低,普通趋势,滚动建仓/减仓,observe,0.0,0.0,0.0,,,,,0.0,8.0,,,,,,只观察 / 等待确认,历史样本/胜率不足；滚动信号现货主导，可能是转账/归集/划转，不等于合约方向；窗口内含断跑gap；长期资格未通过：现货主导，可能是转账/归集/划转、缺少合约/低杠杆确认；长期多空硬门槛未通过：spot-only/现货主导、缺少合约/低杠杆确认,主滚动窗口取30d：-$24.75M，资金分-0.8；30d-$24.75M 质量=0.30 覆盖=88% 钱包=6 持续=48轮/22天；含断跑gap=3；现货主导100%且无合约低杠杆确认；长期资格未通过：现货主导，可能是转账/归集/划转、缺少合约/低杠杆确认；历史样本不足,2026-08-21 16:24:00,2026-08-22 00:24:00,0.0,-0.7800000000000001,0.0,0.7800000000000001,只观察,WATCH,BLOCK,spot-only/现货主导、缺少合约/低杠杆确认,short,8.0,8.0,2
21827,1389,KNTQ,bearish,-0.5300000000000001,低,普通趋势,现货主导,observe,0.0,-333248.59099999996,-412823.5205499999,,,,,0.0,8.0,,,,,,只观察 / 等待确认,历史样本/胜率不足；滚动信号现货主导，可能是转账/归集/划转，不等于合约方向；窗口内含断跑gap；长期资格未通过：现货主导，可能是转账/归集/划转、缺少合约/低杠杆确认；长期多空硬门槛未通过：spot-only/现货主导、缺少合约/低杠杆确认、长期空单缺少明确short确认,主滚动窗口取30d：-$69.29M，资金分-0.8；30d-$69.29M 质量=0.30 覆盖=89% 钱包=12 持续=61轮/15天；含断跑gap=2；现货主导100%且无合约低杠杆确认；存在反向滚动窗口1组，冲突扣分+0.2；长期资格未通过：现货主导，可能是转账/归集/划转、缺少合约/低杠杆确认；历史样本不足,2026-08-21 16:24:00,2026-08-22 00:24:00,0.0,-0.5300000000000001,0.0,0.5300000000000001,只观察,WATCH,BLOCK,spot-only/现货主导、缺少合约/低杠杆确认、长期空单缺少明确short确认,short,8.0,8.0,2
21828,1389,NEKO,bearish,-0.5300000000000001,低,普通趋势,滚动建仓/减仓,observe,0.0,0.0,0.0,,,,,0.0,8.0,,,,,,只观察 / 等待确认,历史样本/胜率不足；滚动信号现货主导，可能是转账/归集/划转，不等于合约方向；窗口内含断跑gap；长期资格未通过：现货主导，可能是转账/归集/划转、缺少合约/低杠杆确认；长期多空硬门槛未通过：spot-only/现货主导、缺少合约/低杠杆确认,主滚动窗口取30d：-$8.30B，资金分-0.8；30d-$8.30B 质量=0.30 覆盖=84% 钱包=50 持续=32轮/18天；含断跑gap=3；现货主导100%且无合约低杠杆确认；存在反向滚动窗口1组，冲突扣分+0.2；长期资格未通过：现货主导，可能是转账/归集/划转、缺少合约/低杠杆确认；历史样本不足,2026-08-21 16:24:00,2026-08-22 00:24:00,0.0,-0.5300000000000001,0.0,0.5300000000000001,只观察,WATCH,BLOCK,spot-only/现货主导、缺少合约/低杠杆确认,short,8.0,8.0,2
21829,1389,UANSEM,bearish,-0.3900000000000001,低,普通趋势,滚动建仓/减仓,observe,0.0,0.0,0.0,,,,,0.0,8.0,,,,,,只观察 / 等待确认,历史样本/胜率不足；滚动信号现货主导，可能是转账/归集/划转，不等于合约方向；长期资格未通过：现货主导，可能是转账/归集/划转、缺少合约/低杠杆确认；长期多空硬门槛未通过：spot-only/现货主导、缺少合约/低杠杆确认,主滚动窗口取72h：-$15.87M，资金分-0.6；72h-$15.87M 质量=0.40 覆盖=79% 钱包=5 持续=10轮/3天；现货主导100%且无合约低杠杆确认；存在反向滚动窗口1组，冲突扣分+0.2；长期资格未通过：现货主导，可能是转账/归集/划转、缺少合约/低杠杆确认；历史样本不足,2026-08-21 16:24:00,2026-08-22 00:24:00,0.0,-0.3900000000000001,0.0,0.3900000000000001,只观察,WATCH,BLOCK,spot-only/现货主导、缺少合约/低杠杆确认,short,8.0,8.0,2
21830,1389,UPUMP,bearish,-0.35100000000000003,低,普通趋势,滚动建仓/减仓,observe,0.0,44279.500672558876,-302854.4347922464,,,,,0.0,8.0,,,,,,只观察 / 等待确认,历史样本/胜率不足；滚动信号现货主导，可能是转账/归集/划转，不等于合约方向；滚动信号钱包集中度过高，可能是单钱包异动；窗口内含断跑gap；长期资格未通过：钱包集中度过高、现货主导，可能是转账/归集/划转、缺少合约/低杠杆确认；长期多空硬门槛未通过：spot-only/现货主导、钱包集中度过高、Top1贡献过高(80%)、缺少合约/低杠杆确认,主滚动窗口取30d：-$74.44M，资金分-0.4；30d-$74.44M 质量=0.14 覆盖=89% 钱包=16 持续=284轮/27天；含断跑gap=7；Top1占比80%；现货主导100%且无合约低杠杆确认；长期资格未通过：钱包集中度过高、现货主导，可能是转账/归集/划转、缺少合约/低杠杆确认；历史样本不足,2026-08-21 16:24:00,2026-08-22 00:24:00,0.0,-0.35100000000000003,0.0,0.35100000000000003,只观察,WATCH,BLOCK,spot-only/现货主导、钱包集中度过高、Top1贡献过高(80%)、缺少合约/低杠杆确认,short,8.0,8.0,2
21831,1389,BUDDY,bearish,-0.3350000000000001,低,普通趋势,滚动建仓/减仓,observe,0.0,0.0,0.0,,,,,0.0,8.0,,,,,,只观察 / 等待确认,历史样本/胜率不足；滚动信号现货主导，可能是转账/归集/划转，不等于合约方向；滚动信号钱包集中度过高，可能是单钱包异动；窗口内含断跑gap；长期资格未通过：钱包集中度过高、现货主导，可能是转账/归集/划转、缺少合约/低杠杆确认；长期多空硬门槛未通过：spot-only/现货主导、钱包集中度过高、缺少合约/低杠杆确认,主滚动窗口取30d：-$40.36M，资金分-0.6；30d-$40.36M 质量=0.23 覆盖=82% 钱包=4 持续=32轮/14天；含断跑gap=3；Top3占比92%；现货主导100%且无合约低杠杆确认；存在反向滚动窗口1组，冲突扣分+0.2；长期资格未通过：钱包集中度过高、现货主导，可能是转账/归集/划转、缺少合约/低杠杆确认；历史样本不足,2026-08-21 16:24:00,2026-08-22 00:24:00,0.0,-0.3350000000000001,0.0,0.3350000000000001,只观察,WATCH,BLOCK,spot-only/现货主导、钱包集中度过高、缺少合约/低杠杆确认,short,8.0,8.0,2
21832,1389,UBONK,bullish,0.2106,低,普通趋势,滚动建仓/减仓,observe,0.0,-171490.89924769706,-84887.99512761005,,,,,0.0,8.0,,,,,,只观察 / 等待确认,历史样本/胜率不足；滚动信号现货主导，可能是转账/归集/划转，不等于合约方向；滚动信号钱包集中度过高，可能是单钱包异动；窗口内含断跑gap；长期资格未通过：钱包集中度过高、现货主导，可能是转账/归集/划转、缺少合约/低杠杆确认；长期多空硬门槛未通过：spot-only/现货主导、钱包集中度过高、Top1贡献过高(83%)、缺少合约/低杠杆确认,主滚动窗口取30d：$43.00M，资金分+0.2；30d$43.00M 质量=0.08 覆盖=89% 钱包=2 持续=143轮/27天；含断跑gap=3；参与钱包少：2/3个；Top1占比83%；现货主导100%且无合约低杠杆确认；长期资格未通过：钱包集中度过高、现货主导，可能是转账/归集/划转、缺少合约/低杠杆确认；历史样本不足,2026-08-21 16:24:00,2026-08-22 00:24:00,0.0,0.2106,0.2106,0.0,只观察,WATCH,BLOCK,spot-only/现货主导、钱包集中度过高、Top1贡献过高(83%)、缺少合约/低杠杆确认,long,8.0,8.0,2
21833,1389,SOL,bearish,-1.4425000000000001,低,普通趋势,滚动建仓/减仓,observe,-1061621.571309998,0.0,1925506.9891987657,0.705081001472754,0.07058051102478015,0.6321870701513073,4.231396104266166,0.0,8.0,14.205978560061558,263.20602260609985,0.2246508385934061,0.7753491614065944,同向仓位$179.29M，均杠杆=14.2x，均强平距离=263.2%，长期型占比=22%，高风险占比=78%,只观察 / 等待确认,历史样本/胜率不足；窗口内含断跑gap；长期资格未通过：高杠杆占比过高；同方向高杠杆/爆仓边缘仓位占比78%；同方向平均杠杆14.2x，偏短线；长期多空硬门槛未通过：高杠杆占比过高(78%)、平均杠杆过高(14.2x),主滚动窗口取30d：-$44.51M，资金分-2.0；杠杆健康：低/中杠杆17% 均15.9x；30d-$44.51M 质量=0.75 覆盖=89% 钱包=28 持续=331轮/27天；含断跑gap=7；长期资格未通过：高杠杆占比过高；历史样本不足；同方向平均强平距离263.2%较安全；资金费率中性：+0.0013%；流动性可接受：24h成交额$582.78M,2026-08-21 16:24:00,2026-08-22 00:24:00,0.0,-0.1825000000000001,0.0,0.1825000000000001,只观察,WATCH,BLOCK,高杠杆占比过高(78%)、平均杠杆过高(14.2x),short,8.0,8.0,2
21834,1389,UAVAX,bearish,-0.17280000000000004,低,普通趋势,滚动建仓/减仓,observe,0.0,0.0,0.0,,,,,0.0,8.0,,,,,,只观察 / 等待确认,历史样本/胜率不足；滚动信号现货主导，可能是转账/归集/划转，不等于合约方向；滚动信号钱包集中度过高，可能是单钱包异动；长期资格未通过：钱包集中度过高、现货主导，可能是转账/归集/划转、缺少合约/低杠杆确认；长期多空硬门槛未通过：spot-only/现货主导、钱包集中度过高、Top1贡献过高(100%)、缺少合约/低杠杆确认,主滚动窗口取72h：-$7.87M，资金分-0.2；72h-$7.87M 质量=0.11 覆盖=96% 钱包=1 持续=11轮/4天；参与钱包少：1/2个；Top1占比100%；现货主导100%且无合约低杠杆确认；长期资格未通过：钱包集中度过高、现货主导，可能是转账/归集/划转、缺少合约/低杠杆确认；历史样本不足,2026-08-21 16:24:00,2026-08-22 00:24:00,0.0,-0.17280000000000004,0.0,0.17280000000000004,只观察,WATCH,BLOCK,spot-only/现货主导、钱包集中度过高、Top1贡献过高(100%)、缺少合约/低杠杆确认,short,8.0,8.0,2
21835,1389,BRIDGE,bullish,0.10500000000000001,低,普通趋势,滚动建仓/减仓,observe,0.0,0.0,0.0,,,,,0.0,8.0,,,,,,只观察 / 等待确认,历史样本/胜率不足；滚动信号现货主导，可能是转账/归集/划转，不等于合约方向；滚动信号钱包集中度过高，可能是单钱包异动；滚动信号持续性不足，不能按长期建仓处理；长期资格未通过：持续性不足、钱包集中度过高、现货主导，可能是转账/归集/划转、缺少合约/低杠杆确认；长期多空硬门槛未通过：spot-only/现货主导、钱包集中度过高、持续性不足、Top1贡献过高(99%)、缺少合约/低杠杆确认,主滚动窗口取15d：$140.95M，资金分+0.1；15d$140.95M 质量=0.05 覆盖=94% 钱包=4 持续=4轮/4天；持续性不足：4/12轮 4/6天；Top1占比99%；现货主导100%且无合约低杠杆确认；单钱包异常大额，按观察处理；长期资格未通过：持续性不足、钱包集中度过高、现货主导，可能是转账/归集/划转、缺少合约/低杠杆确认；历史样本不足,2026-08-21 16:24:00,2026-08-22 00:24:00,0.0,0.10500000000000001,0.10500000000000001,0.0,只观察,WATCH,BLOCK,spot-only/现货主导、钱包集中度过高、持续性不足、Top1贡献过高(99%)、缺少合约/低杠杆确认,long,8.0,8.0,2
21836,1389,HREKT,bullish,0.08000000000000002,低,普通趋势,滚动建仓/减仓,observe,0.0,0.0,0.0,,,,,0.0,8.0,,,,,,只观察 / 等待确认,历史样本/胜率不足；滚动信号现货主导，可能是转账/归集/划转，不等于合约方向；滚动信号钱包集中度过高，可能是单钱包异动；滚动信号持续性不足，不能按长期建仓处理；长窗口未成熟，不能按15d/30d成熟信号处理；长期资格未通过：滚动窗口未成熟、持续性不足、钱包集中度过高、现货主导，可能是转账/归集/划转、缺少合约/低杠杆确认；长期多空硬门槛未通过：spot-only/现货主导、钱包集中度过高、持续性不足、长窗口未成熟、Top1贡献过高(100%)、缺少合约/低杠杆确认,主滚动窗口取72h：$13.55M，资金分+0.1；72h$13.55M 质量=0.05 覆盖=26% 钱包=1 持续=1轮/1天；窗口未成熟：覆盖26%/50% span=19.0h；持续性不足：1/6轮 1/2天；参与钱包少：1/2个；Top1占比100%；长期资格未通过：滚动窗口未成熟、持续性不足、钱包集中度过高、现货主导，可能是转账/归集/划转、缺少合约/低杠杆确认；历史样本不足,2026-08-21 16:24:00,2026-08-22 00:24:00,0.0,0.08000000000000002,0.08000000000000002,0.0,只观察,WATCH,BLOCK,spot-only/现货主导、钱包集中度过高、持续性不足、长窗口未成熟、Top1贡献过高(100%)、缺少合约/低杠杆确认,long,8.0,8.0,2
21837,1389,BASED,bearish,-0.038000000000000034,低,普通趋势,滚动建仓/减仓,observe,0.0,0.0,0.0,,,,,0.0,8.0,,,,,,只观察 / 等待确认,历史样本/胜率不足；滚动信号现货主导，可能是转账/归集/划转，不等于合约方向；滚动信号持续性不足，不能按长期建仓处理；长期资格未通过：持续性不足、现货主导，可能是转账/归集/划转、缺少合约/低杠杆确认；长期多空硬门槛未通过：spot-only/现货主导、持续性不足、缺少合约/低杠杆确认,主滚动窗口取72h：-$6.30M，资金分-0.3；72h-$6.30M 质量=0.18 覆盖=65% 钱包=0 持续=2轮/2天；持续性不足：2/6轮 2/2天；现货主导100%且无合约低杠杆确认；存在反向滚动窗口1组，冲突扣分+0.2；长期资格未通过：持续性不足、现货主导，可能是转账/归集/划转、缺少合约/低杠杆确认；历史样本不足,2026-08-21 16:24:00,2026-08-22 00:24:00,0.0,-0.038000000000000034,0.0,0.038000000000000034,只观察,WATCH,BLOCK,spot-only/现货主导、持续性不足、缺少合约/低杠杆确认,short,8.0,8.0,2
21838,1389,BTC,bullish,1.0,低,普通趋势,滚动建仓/减仓,observe,-8974596.043104984,0.0,-9787809.678207727,0.680607059469853,0.021361435488464826,0.03690275799559757,6.074772770958618,0.0,10.0,25.251394846368722,37.56358259791118,0.0728569001834914,0.9271430998165086,同向仓位$347.74M，均杠杆=25.3x，均强平距离=37.6%，长期型占比=7%，高风险占比=93%,只观察 / 等待确认,历史样本/胜率不足；长期资格未通过：高杠杆占比过高；同方向高杠杆/爆仓边缘仓位占比93%；同方向平均杠杆25.3x，极高杠杆短线风险；长期多空硬门槛未通过：高杠杆占比过高(93%)、平均杠杆过高(25.3x),主滚动窗口取72h：$123.08M，资金分+1.6；杠杆风险：高风险93% 均26.2x；72h$123.08M 质量=1.00 覆盖=100% 钱包=33 持续=44轮/4天；长期资格未通过：高杠杆占比过高；历史样本不足；资金费率中性：+0.0013%；流动性可接受：24h成交额$7.53B,2026-08-21 16:24:00,2026-08-22 00:24:00,0.0,0.0,0.0,0.0,只观察,WATCH,BLOCK,高杠杆占比过高(93%)、平均杠杆过高(25.3x),long,10.0,10.0,2
21839,1389,XRP,bullish,1.0,低,高位突破,滚动建仓/减仓,observe,-941764.3869499997,0.0,421566.6628178916,0.8730952380952379,0.039187744923409366,1.602865619798836,6.723168136211608,0.0,8.0,15.344654710873293,19.001413705414464,0.1713712964693917,0.8286287035306082,同向仓位$6.49M，均杠杆=15.3x，均强平距离=19.0%，长期型占比=17%，高风险占比=83%,只观察 / 等待确认,历史样本/胜率不足；长期资格未通过：高杠杆占比过高；同方向高杠杆/爆仓边缘仓位占比83%；同方向平均杠杆15.3x，偏短线；长期多空硬门槛未通过：高杠杆占比过高(83%)、平均杠杆过高(15.3x),主滚动窗口取72h：$4.90M，资金分+1.6；杠杆风险：高风险92% 均17.9x；72h$4.90M 质量=1.00 覆盖=100% 钱包=11 持续=41轮/4天；长期资格未通过：高杠杆占比过高；历史样本不足；靠近24h高位，可能突破延续；资金费率中性：+0.0013%；流动性可接受：24h成交额$417.24M,2026-08-21 16:24:00,2026-08-22 00:24:00,0.0,0.0,0.0,0.0,只观察,WATCH,BLOCK,高杠杆占比过高(83%)、平均杠杆过高(15.3x),long,8.0,8.0,2
