run_id,coin,long_value,short_value,long_avg_leverage,short_avg_leverage,long_avg_liq_distance,short_avg_liq_distance,long_longterm_ratio,short_longterm_ratio,long_highrisk_ratio,short_highrisk_ratio,dominant_leverage_style,style_mix
1806,BTC,393168908.9238961,690996011.0284342,25.61367086767014,17.412881617210463,40.804598749875204,81.81135830722563,0.06439571313338452,0.3963884275036995,0.9356042868666156,0.6036115724963003,极高杠杆短线型,"极高杠杆短线型:$642.25M,中杠杆趋势型:$270.52M,高杠杆短线型:$56.50M,中高杠杆型:$54.77M,爆仓边缘型:$31.43M"
1806,ETH,147836690.85333407,875587083.4694598,17.675276450668182,12.420168582857581,41.67508331199999,68.84032598470259,0.07632905567625883,0.41560392865928303,0.9236709443237411,0.5843960713407172,极高杠杆短线型,"极高杠杆短线型:$384.12M,中杠杆趋势型:$364.67M,高杠杆短线型:$198.08M,中高杠杆型:$42.31M,爆仓边缘型:$23.73M"
1806,HYPE,462140754.72812,459426643.7999709,7.390577900778893,6.883774187993679,41.242727858538814,135.21240379486156,0.48741467837389335,0.5661311783828623,0.5125853216261065,0.4338688216171378,中杠杆趋势型,"中杠杆趋势型:$420.31M,高杠杆短线型:$400.03M,低杠杆长期型:$65.04M,中高杠杆型:$27.74M,爆仓边缘型:$8.43M"
1806,SOL,44313137.91035001,237777161.6401471,16.424483771915405,13.948423182320246,56.97982292120966,225.0089831802263,0.20344863236839975,0.14773572690346576,0.7965513676316003,0.852264273096534,极高杠杆短线型,"极高杠杆短线型:$143.07M,高杠杆短线型:$93.42M,中杠杆趋势型:$43.17M,低杠杆长期型:$970.57K,爆仓边缘型:$908.92K"
1806,ZEC,81194747.805185,149190094.18830895,7.564224660325005,7.9594556611239895,44.408732442492614,215.53946903916832,0.377562614849545,0.33777522994022585,0.6224373851504551,0.6622247700597742,高杠杆短线型,"高杠杆短线型:$144.37M,中杠杆趋势型:$52.05M,低杠杆长期型:$28.99M,爆仓边缘型:$2.94M,中高杠杆型:$2.02M"
1806,PUMP,25532478.867334,89819441.92720202,7.647602365041906,7.2164894683353955,36.89918188610839,509.81342295225363,0.37748226054489503,0.4929118589114258,0.6225177394551051,0.5070881410885739,高杠杆短线型,"高杠杆短线型:$61.41M,中杠杆趋势型:$35.48M,低杠杆长期型:$18.43M,极高杠杆短线型:$22.17K,爆仓边缘型:$5.48K"
1806,LIT,38101246.56378001,74533181.70574902,4.879065305517055,4.01036965681534,41.11617762049264,381.15154810100944,0.9991148340650865,0.9995398960823196,0.0008851659349135496,0.00046010391768039674,中杠杆趋势型,"中杠杆趋势型:$79.51M,低杠杆长期型:$33.06M,极高杠杆短线型:$67.80K,爆仓边缘型:$216.05"
1806,XRP,8981590.101866,96095119.01980698,12.415240070541984,14.203485071093004,10.672097950399948,541.3862062681148,0.4579077346889327,0.30031264663860513,0.5420922653110674,0.6996873533613949,极高杠杆短线型,"极高杠杆短线型:$58.31M,中杠杆趋势型:$29.62M,高杠杆短线型:$11.94M,低杠杆长期型:$3.36M,爆仓边缘型:$1.53M"
1806,NEAR,16197314.850313,47346915.133509986,9.883675489909763,9.919897806477968,79.35840926885619,692.2370297885701,0.021357780408480177,0.005124924140459235,0.9786422195915199,0.9948750758595406,高杠杆短线型,"高杠杆短线型:$62.30M,中高杠杆型:$618.34K,中杠杆趋势型:$367.28K,低杠杆长期型:$221.31K,极高杠杆短线型:$32.66K"
1806,AAVE,22861379.17236099,28994282.104554005,9.941277592926987,9.421686793979681,25.829145776301278,800.3181084522315,0.007902277928201773,0.08282253929787162,0.9920977220717981,0.9171774607021282,高杠杆短线型,"高杠杆短线型:$49.07M,低杠杆长期型:$2.32M,中杠杆趋势型:$266.18K,中高杠杆型:$178.60K,爆仓边缘型:$12.88K"
1806,DOGE,12158054.66283,31420887.315908,6.298764083939272,9.956103586261527,53.59633737882168,1259.3853297285782,0.7489998411413895,0.007740795152524526,0.2510001588586105,0.9922592048474755,高杠杆短线型,"高杠杆短线型:$33.85M,中杠杆趋势型:$9.27M,中高杠杆型:$272.10K,极高杠杆短线型:$109.93K,低杠杆长期型:$82.80K"
1806,LINK,12090320.677426001,27050034.693644,9.957189408386297,9.977242151800287,92.21375496674261,1063.4842396472131,0.008991982669490728,0.004693565946990534,0.9910080173305092,0.9953064340530093,高杠杆短线型,"高杠杆短线型:$38.90M,中杠杆趋势型:$223.36K,低杠杆长期型:$12.31K,极高杠杆短线型:$7.67K"
1806,BNB,15964129.905263003,20072611.656565003,6.689191586627578,9.26579446525266,63.398749755801155,1252.4914436331048,0.6499955357092196,0.13811446297479074,0.35000446429078014,0.8618855370252093,高杠杆短线型,"高杠杆短线型:$22.18M,中杠杆趋势型:$12.83M,中高杠杆型:$578.90K,低杠杆长期型:$316.70K,极高杠杆短线型:$124.43K"
1806,XMR,8564059.988665,23398671.983293995,4.858189237661412,4.728548779766867,56.89352916025564,459.79214194030527,0.9993398835356732,0.9996229836724795,0.000660116464326782,0.00037701632752057195,中杠杆趋势型,"中杠杆趋势型:$28.68M,低杠杆长期型:$3.27M,极高杠杆短线型:$14.47K"
1806,WLD,6793180.497451,23017819.865640003,8.98877411523415,9.582473133720395,24.35846120383333,1202.1916906379724,0.19392798275878617,0.003927811786291698,0.8060720172412138,0.9960721882137085,高杠杆短线型,"高杠杆短线型:$24.19M,中高杠杆型:$4.18M,中杠杆趋势型:$1.20M,低杠杆长期型:$205.73K,极高杠杆短线型:$29.29K"
1806,TAO,4108136.159948,22625825.538338013,4.929987553250026,4.981243945753008,26.989661471009285,1206.2493747330989,0.8075793384097556,0.9997107567081291,0.19242066159024435,0.00028924329187065406,中杠杆趋势型,"中杠杆趋势型:$25.64M,爆仓边缘型:$795.08K,低杠杆长期型:$301.00K,极高杠杆短线型:$1.95K"
1806,PONS,12920004.879532004,12636115.087342003,2.92768120990378,2.494420938905928,76.06534329956142,916.1665774667546,0.9944067436557642,0.9978220186782274,0.0055932563442358104,0.0021779813217726136,低杠杆长期型,"低杠杆长期型:$25.46M,极高杠杆短线型:$53.08K,爆仓边缘型:$46.71K"
1806,ZRO,12716921.087155,12298853.946803994,4.954788009211148,4.970662206468941,86.48450591875523,1430.3237768109207,0.9997736034724705,0.9993352916007165,0.00022639652752961276,0.0006647083992833668,中杠杆趋势型,"中杠杆趋势型:$24.45M,低杠杆长期型:$550.80K,极高杠杆短线型:$11.05K"
1806,ENA,3186474.789566,20803470.486373,9.365111376278758,9.768128654898481,14.083745614138321,1337.5372787702868,0.09130637162506063,0.037128475617034654,0.9086936283749394,0.9628715243829654,高杠杆短线型,"高杠杆短线型:$22.57M,中杠杆趋势型:$918.89K,中高杠杆型:$338.00K,低杠杆长期型:$144.45K,极高杠杆短线型:$13.06K"
1806,UNI,4400207.776162,19577988.097069994,8.900916204444488,9.889605509043168,30.446018450095917,1278.505753231323,0.16659417754004072,0.009438579289700101,0.8334058224599591,0.9905614207103,高杠杆短线型,"高杠杆短线型:$22.39M,中高杠杆型:$598.45K,中杠杆趋势型:$549.56K,低杠杆长期型:$368.27K,极高杠杆短线型:$69.22K"
1806,XPL,3455430.6169670005,19951381.982178,6.847470247585344,7.314823957153134,47.324527593148254,1919.0730147680474,0.5932209030636646,0.5084202746985179,0.40677909693633524,0.49157972530148214,高杠杆短线型,"高杠杆短线型:$11.09M,中杠杆趋势型:$10.29M,低杠杆长期型:$1.90M,爆仓边缘型:$65.28K,极高杠杆短线型:$58.76K"
1806,FARTCOIN,1014966.0998190001,14748342.594535999,8.461475406455964,5.975830180065993,17.22720578717767,2419.1448217830357,0.2392053701865473,0.6209310240908539,0.7607946298134527,0.37906897590914623,低杠杆长期型,"低杠杆长期型:$4.97M,高杠杆短线型:$4.89M,中杠杆趋势型:$4.43M,中高杠杆型:$1.30M,爆仓边缘型:$161.37K"
1806,SUI,2033725.599569,13321992.011171,9.625912863466814,9.933779453634545,34.81440723694574,2398.5307743526923,0.06955909303348494,0.0052823398872324035,0.9304409069665152,0.9947176601127675,高杠杆短线型,"高杠杆短线型:$14.99M,低杠杆长期型:$125.93K,中高杠杆型:$111.25K,中杠杆趋势型:$85.91K,极高杠杆短线型:$34.76K"
1806,ASTER,3626731.6837919997,11224582.813449001,3.9083782337268,4.494055938968566,96.59276333647776,2787.3675673062025,0.9924794919425961,0.9980809006750622,0.007520508057403969,0.0019190993249379416,中杠杆趋势型,"中杠杆趋势型:$10.63M,低杠杆长期型:$4.17M,极高杠杆短线型:$42.46K,爆仓边缘型:$6.36K"
1806,MON,1155550.1203119997,12182740.829741,4.43863825041284,4.511958114157765,51.06858385029894,1626.0747835540672,0.9777786589186916,0.9979253729843536,0.022221341081308486,0.0020746270156464727,中杠杆趋势型,"中杠杆趋势型:$9.82M,低杠杆长期型:$3.46M,极高杠杆短线型:$50.95K"
1806,ARB,1722090.91963,10163908.933074003,10.000369425628316,9.758610106620369,14.196817104271314,1568.965510110957,0.020335370394685134,0.034914865806818234,0.9796646296053149,0.9650851341931815,高杠杆短线型,"高杠杆短线型:$11.32M,中杠杆趋势型:$250.40K,低杠杆长期型:$139.49K,中高杠杆型:$128.20K,极高杠杆短线型:$43.35K"
1806,AERO,4851768.959181,6269929.083509999,3.0842381407953505,3.0717353254828543,46.73340290760938,1387.1750829224093,0.9950448152473325,0.9957802749715969,0.004955184752667674,0.004219725028403155,低杠杆长期型,"低杠杆长期型:$11.07M,极高杠杆短线型:$50.50K"
1806,ONDO,1310902.69478,9503725.376863005,10.0108140697982,9.786554638947532,,2283.048782293396,0.006638689976497844,0.029682183512031664,0.993361310023502,0.9703178164879682,高杠杆短线型,"高杠杆短线型:$10.33M,中杠杆趋势型:$251.54K,中高杠杆型:$169.35K,低杠杆长期型:$39.25K,极高杠杆短线型:$19.58K"
1806,ADA,4146213.326205,6564861.698600001,10.071136891434376,9.90592355323316,,2263.4155206628575,0.0001138118092037285,0.01723876100910614,0.9998861881907962,0.982761238990894,高杠杆短线型,"高杠杆短线型:$10.43M,中杠杆趋势型:$113.30K,中高杠杆型:$111.95K,极高杠杆短线型:$59.00K,低杠杆长期型:$338.12"
1806,LTC,900347.915572,9793792.356652997,9.572079768058076,9.124493573942761,14.259830319266726,2138.1081910710955,0.020210457074740514,0.09403385327180161,0.9797895429252594,0.9059661467281984,高杠杆短线型,"高杠杆短线型:$8.90M,低杠杆长期型:$823.99K,中高杠杆型:$746.74K,中杠杆趋势型:$115.15K,极高杠杆短线型:$107.54K"
1806,VVV,1863547.0051680005,8135205.220093999,3.551033055067707,3.124212720537655,53.718417381757966,1756.1402407004455,0.9675862908783701,0.992693369380138,0.03241370912162985,0.007306630619862001,低杠杆长期型,"低杠杆长期型:$9.88M,极高杠杆短线型:$119.85K"
1806,PAXG,2706907.3184450003,6298253.95136,5.812445714745915,9.729568933508592,84.94649277729319,1205.757945381846,0.8640638751428028,0.06138563939875997,0.13593612485719705,0.93861436060124,高杠杆短线型,"高杠杆短线型:$6.21M,中杠杆趋势型:$2.66M,极高杠杆短线型:$72.93K,低杠杆长期型:$61.91K,中高杠杆型:$656.74"
1806,kPEPE,1182455.670395,7328441.807673998,8.716830655191371,9.765134817845093,21.158274928499207,2687.116004822464,0.20327907944295687,0.024360913908063567,0.796720920557043,0.9756390860919364,高杠杆短线型,"高杠杆短线型:$7.91M,低杠杆长期型:$240.15K,中杠杆趋势型:$178.74K,中高杠杆型:$176.87K,极高杠杆短线型:$4.38K"
1806,INJ,676288.70258,7637030.692665,5.0,4.4987257529046145,74.62801846262656,2814.7477015460067,1.0,0.9984801614191302,0.0,0.0015198385808699204,中杠杆趋势型,"中杠杆趋势型:$6.34M,低杠杆长期型:$1.96M,极高杠杆短线型:$6.43K,爆仓边缘型:$5.18K"
1806,CASHCAT,3346111.186454,4916536.5305889975,2.2236939665328985,2.3637149339976076,53.7690014680381,1065.3113257159876,0.9986903939929611,0.9991487196375011,0.0013096060070388344,0.0008512803624991265,低杠杆长期型,"低杠杆长期型:$8.25M,极高杠杆短线型:$8.57K"
1806,GRAM,770848.25879,7168806.443037,3.371449281929304,4.857146056411846,42.19925186688975,2424.3236194184815,0.962286082548031,0.9957562521725568,0.03771391745196888,0.004243747827443328,中杠杆趋势型,"中杠杆趋势型:$6.58M,低杠杆长期型:$1.30M,极高杠杆短线型:$59.49K"
1806,GRASS,2998386.2637480004,4045184.1740979995,3.2843034042199855,3.227682409413007,99.29552509506807,4032.915614264346,0.9822573814143942,0.9866045381678863,0.017742618585605666,0.013395461832113667,低杠杆长期型,"低杠杆长期型:$6.94M,极高杠杆短线型:$107.39K"
1806,WLFI,2721596.790779999,4214404.613401999,4.626378258488992,5.0317334986837094,18.157356398023307,1315.263554053678,0.9945310931103303,0.9965519956000927,0.005468906889669817,0.0034480043999073674,中杠杆趋势型,"中杠杆趋势型:$6.25M,低杠杆长期型:$654.59K,极高杠杆短线型:$29.42K"
1806,CRV,706766.052888,5897635.950877999,9.420135798960134,9.604436088999744,46.24882531958763,2872.285672450167,0.14028577843383205,0.0672474561207795,0.8597142215661678,0.9327525438792207,高杠杆短线型,"高杠杆短线型:$6.05M,低杠杆长期型:$398.31K,中杠杆趋势型:$97.44K,极高杠杆短线型:$59.48K"
1806,LDO,2147923.1031659995,4270497.6927970005,5.2209011082103585,5.108451389874574,,2262.641205803143,0.9852732594526428,0.9927699073416951,0.014726740547357186,0.007230092658304992,中杠杆趋势型,"中杠杆趋势型:$6.36M,极高杠杆短线型:$62.51K"
1806,TRUMP,2352223.7616440007,4027438.7218389986,10.152958696433085,9.352199076532525,7.282396956550462,1793.516251394832,0.001408673985031143,0.060368769305565465,0.9985913260149688,0.9396312306944344,高杠杆短线型,"高杠杆短线型:$5.04M,中高杠杆型:$586.27K,爆仓边缘型:$430.13K,低杠杆长期型:$184.09K,极高杠杆短线型:$74.50K"
1806,ETHFI,1770784.782556,4603165.095283002,5.0034876589989015,5.055275862967577,48.751152531482894,1899.0387810160962,0.9831142145027698,0.9933492941864344,0.01688578549723018,0.006650705813565402,中杠杆趋势型,"中杠杆趋势型:$6.00M,低杠杆长期型:$315.73K,极高杠杆短线型:$60.52K"
1806,TRX,1953226.6776269998,3861743.841699,9.996217284801284,9.579132252796718,,1466.5762498162258,0.004706453462517937,0.06063616533068106,0.9952935465374821,0.9393638346693189,高杠杆短线型,"高杠杆短线型:$5.55M,低杠杆长期型:$239.32K,极高杠杆短线型:$11.32K,中高杠杆型:$11.10K,中杠杆趋势型:$4.03K"
1806,AVAX,1513518.0810459997,4175898.7997080004,9.938961937011578,10.067174187396407,64.8587073659106,7181.857485153198,0.06586696175582071,0.00412687787410103,0.9341330382441794,0.9958731221258988,高杠杆短线型,"高杠杆短线型:$5.49M,中杠杆趋势型:$110.99K,极高杠杆短线型:$79.40K,低杠杆长期型:$5.93K,中高杠杆型:$0.08"
1806,PENDLE,2012906.5595999998,3659640.6469649994,4.944011162533846,5.037716074449677,88.66946294692166,2561.6111391152367,0.9958669302554942,0.9974368797363262,0.00413306974450579,0.002563120263673722,中杠杆趋势型,"中杠杆趋势型:$5.54M,低杠杆长期型:$113.32K,极高杠杆短线型:$17.70K"
1806,CHIP,1299264.744705,3254367.1595779993,3.0701014573905647,3.015431130815773,35.281942237282856,2295.6686235045104,0.9921602762974125,0.9990559644209297,0.007839723702587434,0.0009440355790704279,低杠杆长期型,"低杠杆长期型:$4.54M,极高杠杆短线型:$13.26K"
1806,XLM,1143787.3406899997,3354029.421504,5.007214466165558,4.965327979744479,,3218.060718482456,0.997114652337375,0.9966539889757532,0.002885347662625039,0.00334601102424665,中杠杆趋势型,"中杠杆趋势型:$4.35M,低杠杆长期型:$136.85K,极高杠杆短线型:$11.26K,爆仓边缘型:$3.26K"
1806,JUP,342818.134096,4020075.1511719995,7.8485877321021045,9.656137107071991,5.423748671785719,2393.825582761813,0.29688872296790075,0.07306099742547661,0.7031112770320992,0.9269390025745236,高杠杆短线型,"高杠杆短线型:$3.87M,中杠杆趋势型:$395.49K,中高杠杆型:$83.04K,极高杠杆短线型:$12.72K,爆仓边缘型:$640.51"
1806,VIRTUAL,720735.6591239999,3422572.7574609993,5.005479333893095,4.892010760877388,,3850.69692160631,0.9996347110737936,0.999508176299151,0.00036528892620630584,0.0004918237008491649,中杠杆趋势型,"中杠杆趋势型:$4.01M,低杠杆长期型:$131.62K,极高杠杆短线型:$1.95K"
1806,PURR,1063831.752848,3028430.1411630004,3.445653493393837,3.0782991354091256,,856.8498451273259,0.9737850886238919,0.9952411920241735,0.026214911376108048,0.004758807975826547,低杠杆长期型,"低杠杆长期型:$4.05M,极高杠杆短线型:$42.30K"
1806,PENGU,571423.077052,3285765.512278,5.296309268424229,5.015459821672663,16.610266638890092,3802.609475812535,0.9786151316025902,0.9962692256053594,0.021384868397409836,0.0037307743946406254,中杠杆趋势型,"中杠杆趋势型:$3.83M,极高杠杆短线型:$24.48K,低杠杆长期型:$6.99K"
1806,kBONK,145529.958242,3393636.5912600006,10.102427160291029,9.761010881662237,,4688.913105915092,0.0018072964163339778,0.03760984484275954,0.998192703583666,0.9623901551572404,高杠杆短线型,"高杠杆短线型:$3.40M,中杠杆趋势型:$76.93K,低杠杆长期型:$50.97K,极高杠杆短线型:$6.22K,中高杠杆型:$5.00K"
1806,DOT,1052421.430413,1732046.0018099998,9.622869942073258,9.683651749135183,48.715580419256106,2295.7591283345255,0.1177346535544944,0.06803572179772094,0.8822653464455057,0.9319642782022791,高杠杆短线型,"高杠杆短线型:$2.50M,中杠杆趋势型:$147.71K,低杠杆长期型:$94.04K,极高杠杆短线型:$46.09K"
1806,FET,152962.69553599998,2618639.78706,6.6401301318657495,5.08723248286717,,2341.2322549760684,0.8906579912089502,0.9924852738061796,0.10934200879104991,0.007514726193820378,中杠杆趋势型,"中杠杆趋势型:$2.70M,极高杠杆短线型:$36.40K,低杠杆长期型:$32.25K"
1806,SPX,456050.943125,2303657.0939319995,5.069053053073871,5.003061320983308,,4939.339517251193,0.9953964631284085,0.9993280436901494,0.004603536871591467,0.0006719563098507288,中杠杆趋势型,"中杠杆趋势型:$2.76M,极高杠杆短线型:$3.65K,低杠杆长期型:$131.91"
1806,BCH,736889.482836,1748557.454299,10.125256570014777,9.662445187026112,,4720.629165203259,0.08001676510984042,0.08246478652759386,0.9199832348901595,0.9175352134724061,高杠杆短线型,"高杠杆短线型:$2.21M,低杠杆长期型:$115.54K,中杠杆趋势型:$87.62K,极高杠杆短线型:$76.57K"
1806,MORPHO,330649.11009000003,2150007.691918,5.143129758029949,5.151698696458634,,3946.3591097522994,0.9237049420966733,0.9880010326488711,0.0762950579033267,0.01199896735112886,中杠杆趋势型,"中杠杆趋势型:$2.34M,低杠杆长期型:$94.60K,极高杠杆短线型:$51.02K"
1806,SYRUP,328188.92422900005,2066520.207591,4.500586408139615,3.274948274905741,,3150.108198365169,0.9117302112859047,0.9838265720643682,0.0882697887140951,0.016173427935631847,低杠杆长期型,"低杠杆长期型:$2.33M,极高杠杆短线型:$62.39K"
1806,ICP,801443.55817,1539740.7105659998,5.099704828949477,4.713457482426495,29.889412833687597,3272.010731323064,0.966977352266164,0.9841035752370264,0.03302264773383599,0.01589642476297365,中杠杆趋势型,"中杠杆趋势型:$1.73M,低杠杆长期型:$557.94K,极高杠杆短线型:$50.94K"
1806,JTO,964740.1668570001,1375071.2915900003,4.134274772587758,5.201692706390014,10.324251847492727,5187.218617030958,0.9825288386147413,0.984662767051435,0.017471161385258643,0.015337232948565012,中杠杆趋势型,"中杠杆趋势型:$1.76M,低杠杆长期型:$541.65K,极高杠杆短线型:$37.94K"
1806,STRK,208871.14748800002,2098479.0626370003,6.086982611957182,5.139137135546683,,3414.1597144203274,0.9275337172843864,0.9907241909635544,0.07246628271561344,0.009275809036445514,中杠杆趋势型,"中杠杆趋势型:$2.27M,极高杠杆短线型:$34.60K,低杠杆长期型:$1.21"
1806,OP,811552.2327419999,1408359.2891840006,5.535866549812394,5.328593830993317,,4709.162643497441,0.9576238332413867,0.9776764370275031,0.04237616675861337,0.022323562972496894,中杠杆趋势型,"中杠杆趋势型:$2.11M,极高杠杆短线型:$65.83K,低杠杆长期型:$43.36K"
1806,TIA,798865.1955960001,1385231.164224,5.286166633545031,5.168267729365284,,9024.323933102207,0.9809222244303313,0.9886768518734655,0.019077775569668727,0.011323148126534363,中杠杆趋势型,"中杠杆趋势型:$2.15M,极高杠杆短线型:$30.93K,低杠杆长期型:$1.09K"
1806,WIF,153826.2133,1994621.2068660008,9.400424685940052,5.3266884885395545,,6656.620639400458,0.7066383542706631,0.9768510401067334,0.2933616457293368,0.023148959893266565,中杠杆趋势型,"中杠杆趋势型:$2.04M,极高杠杆短线型:$91.30K,低杠杆长期型:$20.49K"
1806,MEGA,677704.6279080001,1453220.033977,3.92870871940606,3.321791211910448,75.97236369109145,2861.4603573812246,0.9428095937198446,0.9710438633750172,0.057190406280155294,0.02895613662498269,低杠杆长期型,"低杠杆长期型:$2.05M,极高杠杆短线型:$80.84K"
1806,HBAR,58323.92142399999,1978905.7756229995,6.488231351403654,5.017566387215713,,3660.4256805690284,0.9007845765730899,0.9951490197894957,0.09921542342691023,0.004850980210504384,中杠杆趋势型,"中杠杆趋势型:$1.98M,低杠杆长期型:$44.85K,极高杠杆短线型:$15.39K"
1806,POL,1234858.354824,777255.9434530003,5.094170236825723,5.100781691555807,,8023.836259007389,0.9937219842116184,0.9882915132027545,0.0062780157883816,0.011708486797245437,中杠杆趋势型,"中杠杆趋势型:$1.98M,低杠杆长期型:$19.39K,极高杠杆短线型:$16.85K"
1806,MNT,133167.080789,1806848.4725440005,5.072003402050937,5.142895230196848,,1585.6782750447728,0.9779104534651405,0.9904736513202098,0.022089546534859426,0.009526348679789935,中杠杆趋势型,"中杠杆趋势型:$1.90M,极高杠杆短线型:$20.15K,低杠杆长期型:$16.95K"
1806,EIGEN,427222.926241,1381185.349414,5.092033945944698,5.032835320142398,31.197364148351646,6027.67295272764,0.9911479451412525,0.9950020621490601,0.008852054858747573,0.004997937850939985,中杠杆趋势型,"中杠杆趋势型:$1.79M,极高杠杆短线型:$10.68K,低杠杆长期型:$8.70K"
1806,SKR,740935.722553,1011446.070516,3.318032099586269,3.432969856538755,,578.1291300720576,0.9637488522520539,0.974531184909485,0.0362511477479461,0.025468815090515,低杠杆长期型,"低杠杆长期型:$1.70M,极高杠杆短线型:$52.62K"
1806,MINA,433888.22741399996,1277716.187568,3.063239441050377,3.0000000000000004,,1578.03945890855,0.9962800328793895,1.0,0.0037199671206103817,0.0,低杠杆长期型,"低杠杆长期型:$1.71M,极高杠杆短线型:$1.61K"
1806,APT,235384.133898,1273821.072608,10.616049283159574,8.473578911130673,,8084.803480269932,0.06711847365144026,0.27119283659653165,0.9328815263485598,0.7288071634034684,高杠杆短线型,"高杠杆短线型:$1.10M,中杠杆趋势型:$251.18K,低杠杆长期型:$110.07K,极高杠杆短线型:$46.00K,中高杠杆型:$3.21K"
1806,kSHIB,143067.833253,1344885.535868,9.676513031464188,9.11973271890687,29.153068035943523,8848.746436984668,0.2712823463494101,0.10497220838045827,0.7287176536505899,0.8950277916195419,高杠杆短线型,"高杠杆短线型:$1.14M,低杠杆长期型:$156.62K,中高杠杆型:$123.71K,极高杠杆短线型:$48.75K,中杠杆趋势型:$23.37K"
1806,MET,247960.35228000002,1227071.2372519998,2.4927073135952074,3.062684859855617,55.36938833605627,5667.212901112427,0.9882224024399583,0.9963126553026107,0.011777597560041665,0.003687344697389227,低杠杆长期型,"低杠杆长期型:$1.47M,极高杠杆短线型:$7.45K"
1806,MELANIA,803144.5801540001,658105.5846080001,3.62239073602433,3.737996298117259,,3637.477538737733,0.9633887802338629,0.9565884530519259,0.03661121976613709,0.04341154694807418,低杠杆长期型,"低杠杆长期型:$1.40M,极高杠杆短线型:$57.97K"
1806,ALGO,474999.880605,924567.3290300001,5.401332245235923,5.135473681783035,,4641.007011180027,0.9732445169842718,0.9817550361576179,0.026755483015728197,0.01824496384238194,中杠杆趋势型,"中杠杆趋势型:$1.31M,低杠杆长期型:$63.89K,极高杠杆短线型:$29.58K"
1806,ATOM,420163.2938219999,963651.1546699996,5.277013754917175,5.096500040112386,,6534.715376044014,0.9815324163388552,0.9935666639925077,0.018467583661144926,0.006433336007492258,中杠杆趋势型,"中杠杆趋势型:$1.37M,极高杠杆短线型:$13.96K"
1806,STBL,580387.3120310002,793209.4802049999,4.829530136686178,4.3112882124343574,,3807.824551314461,0.8923805801949303,0.922765976997442,0.10761941980506938,0.07723402300255795,低杠杆长期型,"低杠杆长期型:$1.25M,极高杠杆短线型:$123.72K"
1806,FIL,297866.42126499995,1015423.8875460002,4.98668073861716,5.169401190960468,,8838.202798289598,0.9635707839980182,0.988681145428067,0.03642921600198184,0.011318854571932975,中杠杆趋势型,"中杠杆趋势型:$1.21M,低杠杆长期型:$83.56K,极高杠杆短线型:$22.34K"
1806,AR,451930.766111,816762.8445400001,5.262815418370582,5.104204566075645,,5999.740876305748,0.982478972108628,0.9895210302069748,0.01752102789137212,0.010478969793025202,中杠杆趋势型,"中杠杆趋势型:$1.25M,极高杠杆短线型:$16.48K"
1806,RENDER,259988.20218999998,1002989.149457,5.268923710426308,5.1252657950666975,36.17339766263868,4093.594795259102,0.9820717526382462,0.9916489469955535,0.017928247361753875,0.008351053004446381,中杠杆趋势型,"中杠杆趋势型:$1.25M,极高杠杆短线型:$13.04K"
1806,ENS,159889.614147,1074478.014514,9.797525536066177,5.959463853991744,25.72240623448276,3797.4042965557146,0.6094154067781785,0.9360357430672172,0.3905845932218216,0.06396425693278297,中杠杆趋势型,"中杠杆趋势型:$1.02M,极高杠杆短线型:$131.18K,低杠杆长期型:$84.84K"
1806,SKY,520551.50539099996,645168.640569,3.4582897665290755,3.3554646412800544,,4637.057819039383,0.973041778439466,0.9790903152188203,0.026958221560533836,0.020909684781179674,低杠杆长期型,"低杠杆长期型:$1.14M,极高杠杆短线型:$27.52K"
1806,ETC,266419.086848,885798.690195,5.198863986375074,5.161515727597772,,2158.6040151734182,0.9564665278594808,0.984311314202846,0.0435334721405193,0.015688685797154097,中杠杆趋势型,"中杠杆趋势型:$1.05M,低杠杆长期型:$72.30K,极高杠杆短线型:$25.50K"
1806,CFX,36756.720153,1072136.3291870002,20.0,5.621196008430226,,3621.4014117226734,0.0,0.9576799809083922,1.0,0.04232001909160765,中杠杆趋势型,"中杠杆趋势型:$1.03M,极高杠杆短线型:$82.13K,低杠杆长期型:$47.44"
1806,ZORA,634750.2446349998,473966.28258700005,3.7143899654497234,3.9899804013608735,,7592.232144777963,0.9579770608558988,0.941765858743478,0.04202293914410129,0.058234141256522036,低杠杆长期型,"低杠杆长期型:$1.05M,极高杠杆短线型:$54.28K"
1806,BOME,43219.796807,1028807.1870210002,13.483125579540397,3.466769997569231,19.299779492833522,6674.925271872507,0.3833455541446826,0.972542941319457,0.6166544458553174,0.02745705868054302,低杠杆长期型,"低杠杆长期型:$1.02M,极高杠杆短线型:$54.90K"
1806,HMSTR,616983.864465,425726.384016,3.3364874010020027,3.599014173677372,,3812.707212764458,0.9802066234704704,0.9647638721366252,0.019793376529529595,0.03523612786337485,低杠杆长期型,"低杠杆长期型:$1.02M,极高杠杆短线型:$27.21K"
1806,SAGA,627243.197552,407612.839202,3.0,3.13317386460464,,7081.787871074596,1.0,0.9921662432585506,0.0,0.007833756741449406,低杠杆长期型,"低杠杆长期型:$1.03M,极高杠杆短线型:$3.19K"
1806,W,201872.98813199997,788178.40505,7.778128161630458,5.695546115435913,,6621.325459557007,0.8146066540931762,0.9506806130681364,0.18539334590682377,0.04931938693186352,中杠杆趋势型,"中杠杆趋势型:$913.75K,极高杠杆短线型:$76.30K"
1806,LINEA,212086.87982199996,777489.680168,2.830306245934659,3.123947138049699,79.15611099156226,7821.524514270008,0.9817748991439544,0.9925653622068,0.018225100856045732,0.007434637793200008,低杠杆长期型,"低杠杆长期型:$979.93K,极高杠杆短线型:$9.65K"
1806,IMX,27436.691808,936520.5632360001,20.0,5.532838102396529,,4226.100692585676,0.0,0.9643363596474674,1.0,0.03566364035253263,中杠杆趋势型,"中杠杆趋势型:$902.13K,极高杠杆短线型:$60.84K,低杠杆长期型:$991.07"
1806,BERA,266681.51657599997,680201.1818549999,5.95882201735241,5.392170257544282,,4263.8388470726,0.934893971749812,0.9737690955265007,0.06510602825018788,0.026230904473499555,中杠杆趋势型,"中杠杆趋势型:$911.68K,极高杠杆短线型:$35.20K"
1806,PYTH,80166.048301,850765.0053350001,6.069067021131075,5.26969272958007,43.35029854611372,6602.373358665646,0.8212668899282483,0.9819930282675794,0.17873311007175174,0.018006971732420593,中杠杆趋势型,"中杠杆趋势型:$858.03K,低杠杆长期型:$43.25K,极高杠杆短线型:$29.65K"
1806,SEI,296062.476287,627575.0862410001,8.406267872823577,6.367565077504395,,16200.405137731035,0.7729154751450948,0.896997369375851,0.2270845248549051,0.1030026306241487,中杠杆趋势型,"中杠杆趋势型:$736.08K,极高杠杆短线型:$131.87K,低杠杆长期型:$55.69K"
1806,APEX,59715.816439999995,861299.5884330001,15.581785601724247,3.889629901592139,,6594.2422180641925,0.25989496460445616,0.9475738988809321,0.740105035395544,0.05242610111906787,低杠杆长期型,"低杠杆长期型:$831.66K,极高杠杆短线型:$89.35K"
1806,HEMI,172038.82765400002,685139.005657,3.0026321719880045,3.0000000000000004,,4703.799972501127,0.9998451663536468,1.0,0.00015483364635320837,0.0,低杠杆长期型,"低杠杆长期型:$857.15K,极高杠杆短线型:$26.64"
1806,ZETA,262235.045021,591317.3948039999,3.5630774902270415,3.2291022717924687,,4037.4421108625984,0.9668777946925269,0.9865233957769136,0.03312220530747304,0.013476604223086342,低杠杆长期型,"低杠杆长期型:$836.90K,极高杠杆短线型:$16.65K"
1806,KAS,19677.629895,809702.7563960002,20.0,3.4528922605885937,,3015.353464811697,0.0,0.9733592787889063,1.0,0.026640721211093753,低杠杆长期型,"低杠杆长期型:$788.13K,极高杠杆短线型:$41.25K"
1806,POPCAT,24494.417161999998,729106.831803,7.413136977911001,3.1616209128154757,17.551360794906433,14953.78470610074,0.7404037071817061,0.9904928874814427,0.2595962928182941,0.009507112518557365,低杠杆长期型,"低杠杆长期型:$740.31K,极高杠杆短线型:$13.29K"
1806,IO,316277.089675,432832.34337800014,6.387841074242996,5.382242468926383,,6117.556245008866,0.8007152309268828,0.8598680900631538,0.19928476907311735,0.14013190993684618,低杠杆长期型,"低杠杆长期型:$625.43K,极高杠杆短线型:$123.68K"
1806,BLUR,233403.07575299998,508513.90567400004,3.2650060742363847,2.9999999999999996,,6569.311373696778,0.9844114073978596,1.0,0.01558859260214027,0.0,低杠杆长期型,"低杠杆长期型:$738.28K,极高杠杆短线型:$3.64K"
1806,ZEN,240704.876043,481849.90781600005,6.80058559298805,5.5063760296186945,,6137.786475791961,0.8799609604674634,0.9383535979354324,0.12003903953253661,0.06164640206456765,中杠杆趋势型,"中杠杆趋势型:$563.17K,低杠杆长期型:$100.78K,极高杠杆短线型:$58.60K"
1806,ALT,291761.294807,421658.541254,6.600806023975714,5.392975067074912,,4628.144911681297,0.7881878809426048,0.8592367607602993,0.21181211905739497,0.1407632392397007,低杠杆长期型,"低杠杆长期型:$592.27K,极高杠杆短线型:$121.15K"
1806,KAITO,136367.560595,576256.91526,7.284579992306638,5.2543632656692125,,11694.566474389687,0.8474902758085816,0.9619750617133793,0.15250972419141853,0.038024938286620846,中杠杆趋势型,"中杠杆趋势型:$581.62K,低杠杆长期型:$88.30K,极高杠杆短线型:$42.71K"
1806,CC,196110.576587,493214.4222360001,3.4353646509326503,3.2013645460117495,15.651005470612988,5463.655671923312,0.9743903146510206,0.9881536748793526,0.025609685348979422,0.01184632512064756,低杠杆长期型,"低杠杆长期型:$678.46K,极高杠杆短线型:$10.87K"
1806,DYDX,25340.970811999996,628293.099484,12.30261020660537,5.263012624640815,,4091.1116452372635,0.5107026563035845,0.9823667831429332,0.4892973436964157,0.017633216857066772,中杠杆趋势型,"中杠杆趋势型:$630.16K,极高杠杆短线型:$23.48K"
1806,DASH,16270.943462,610598.3985840001,19.264287019498465,5.048665226792126,,4313.5289882998395,0.04632331270527034,0.9721586904921085,0.9536766872947298,0.02784130950789143,中杠杆趋势型,"中杠杆趋势型:$551.21K,低杠杆长期型:$43.14K,极高杠杆短线型:$32.06K,爆仓边缘型:$454.13"
1806,CAKE,108567.65465,500564.15354800003,13.016343587376188,5.238213851888547,,5950.92769752573,0.4108033183896361,0.86829893298846,0.589196681610364,0.1317010670115401,低杠杆长期型,"低杠杆长期型:$479.24K,极高杠杆短线型:$129.89K"
1806,PNUT,89424.096226,516779.44358900003,8.649731997113626,4.2028774729019265,,12584.304035891519,0.6676628236991986,0.9292425015940045,0.3323371763008015,0.07075749840599567,低杠杆长期型,"低杠杆长期型:$539.92K,极高杠杆短线型:$66.28K"
1806,REZ,243068.440099,341083.66718899994,3.7485261868875117,3.602670751367568,,7115.966324106595,0.9559690478301464,0.9645487793313196,0.04403095216985362,0.03545122066868045,低杠杆长期型,"低杠杆长期型:$561.36K,极高杠杆短线型:$22.79K"
1806,RESOLV,264049.8585750001,297174.524054,5.8079189958907165,5.557459758558904,,11863.535147178884,0.8348282943593693,0.8495611906730055,0.1651717056406304,0.15043880932699435,低杠杆长期型,"低杠杆长期型:$472.90K,极高杠杆短线型:$88.32K"
1806,IOTA,213968.40411200002,332014.419522,7.105475402130803,5.326427518395232,,5045.739772504823,0.758501446933482,0.8631513224473393,0.241498553066518,0.1368486775526607,低杠杆长期型,"低杠杆长期型:$448.87K,极高杠杆短线型:$97.11K"
1806,COMP,244428.60318499999,293019.63102200005,5.496598135154131,5.4128907259149335,,12080.368674684072,0.9668906441613351,0.9721891123418002,0.03310935583866496,0.0278108876581998,中杠杆趋势型,"中杠杆趋势型:$521.17K,极高杠杆短线型:$16.24K,低杠杆长期型:$33.88"
1806,GRIFFAIN,197241.39645899998,311479.8176539999,6.152395245433421,4.361704164496302,,16160.291910558873,0.8145649855627399,0.9047723043650013,0.18543501443726007,0.09522769563499871,低杠杆长期型,"低杠杆长期型:$442.48K,极高杠杆短线型:$66.24K"
1806,RUNE,62508.042815,424741.897737,19.671302048908984,7.145399837195341,,10798.103096178278,0.021913196739401064,0.8560069537433057,0.9780868032605989,0.14399304625669437,中杠杆趋势型,"中杠杆趋势型:$364.95K,极高杠杆短线型:$122.30K"
1806,SOPH,70827.136094,393555.99338900007,3.0,3.0612187829450375,,8516.66251526225,1.0,0.9963988951208801,0.0,0.0036011048791198814,低杠杆长期型,"低杠杆长期型:$462.97K,极高杠杆短线型:$1.42K"
1806,PEOPLE,178850.07565300004,283539.635776,5.564679541986573,4.354877048270926,17.34364582027823,5476.8220752428515,0.8491364975302014,0.9203013501017104,0.1508635024697984,0.0796986498982897,低杠杆长期型,"低杠杆长期型:$412.81K,极高杠杆短线型:$49.58K"
1806,STX,99916.93941,348739.61878400005,14.747281917869945,7.7911963622432525,,28667.794889158326,0.35018120547533693,0.8139202425171164,0.6498187945246631,0.18607975748288358,中杠杆趋势型,"中杠杆趋势型:$318.84K,极高杠杆短线型:$129.82K"
1806,APE,37206.919583999996,410897.13124700007,18.07530404737416,6.221117341487066,,26742.957087612776,0.12829831406018286,0.9173517049731217,0.8717016859398172,0.08264829502687832,中杠杆趋势型,"中杠杆趋势型:$381.71K,极高杠杆短线型:$66.39K"
1806,2Z,313750.693031,122401.37491000001,3.4757617560585,4.072511360060505,,28988.21030913154,0.9720140143495,0.9369110964670291,0.027985985650500013,0.06308890353297093,低杠杆长期型,"低杠杆长期型:$419.65K,极高杠杆短线型:$16.50K"
1806,S,171916.457772,227623.84052999993,8.014972664905729,7.35358245892698,,9425.617913234915,0.7990018223396181,0.8430945027382014,0.2009981776603819,0.15690549726179867,中杠杆趋势型,"中杠杆趋势型:$329.27K,极高杠杆短线型:$70.27K"
1806,ZK,144568.99865199998,249872.396216,11.017462889080925,8.671235571583559,,8931.73239063505,0.5988358073946052,0.7550746920516336,0.40116419260539493,0.2449253079483663,中杠杆趋势型,"中杠杆趋势型:$274.92K,极高杠杆短线型:$119.20K,低杠杆长期型:$330.34"
1806,AZTEC,136892.300326,239607.437967,4.978187973531825,4.23642210003849,,11492.216998013317,0.8836360015569514,0.9272692882330301,0.11636399844304857,0.07273071176696991,低杠杆长期型,"低杠杆长期型:$343.14K,极高杠杆短线型:$33.36K"
1806,USUAL,73232.307948,300067.15054400003,13.46107305453183,5.630338074611285,,5102.205587449425,0.38464276149812765,0.8452742309052182,0.6153572385018723,0.15472576909478153,低杠杆长期型,"低杠杆长期型:$281.81K,极高杠杆短线型:$91.49K"
1806,TRB,134272.32700600004,234692.07495,11.421442179589775,7.843617133267839,95.0884187720483,3079.057849943765,0.5046210482594247,0.7150813451018918,0.49537895174057495,0.2849186548981082,低杠杆长期型,"低杠杆长期型:$235.58K,极高杠杆短线型:$133.38K"
1806,GMX,63261.35738,284226.171268,8.148780776587884,4.208937740205509,,6386.248273773815,0.6971305425536539,0.9288860152820291,0.302869457446346,0.07111398471797115,低杠杆长期型,"低杠杆长期型:$308.12K,极高杠杆短线型:$39.37K"
1806,ACE,29781.382129999998,313619.9366,19.72315584995316,4.507808525897776,,4995.404610378892,0.016284950002755295,0.9113053808295425,0.9837150499972448,0.08869461917045741,低杠杆长期型,"低杠杆长期型:$286.29K,极高杠杆短线型:$57.11K"
1806,LAYER,62168.674537000006,266869.04629599996,14.699265843606284,5.787023704828777,,13813.521644139126,0.3118078915525714,0.8360574291277193,0.6881921084474286,0.16394257087228095,低杠杆长期型,"低杠杆长期型:$242.50K,极高杠杆短线型:$86.54K"
1806,NIL,63913.34001000001,243340.217925,3.3407693731948958,3.068091368197536,,4963.97917666869,0.9799547427532413,0.9959946254001449,0.020045257246758614,0.004005374599855101,低杠杆长期型,"低杠杆长期型:$305.00K,极高杠杆短线型:$2.26K"
1806,AVNT,74980.86438999999,228404.88323500002,5.232897122780156,5.085340004661568,,27660.72575765555,0.9821259113121302,0.9907203166150381,0.017874088687869823,0.009279683384961932,中杠杆趋势型,"中杠杆趋势型:$293.24K,低杠杆长期型:$6.69K,极高杠杆短线型:$3.46K"
1806,STABLE,64005.500024,235257.844993,7.095404093268708,4.067256042209649,,15965.69637534484,0.7590938768665465,0.9372202328111972,0.24090612313345341,0.0627797671888028,低杠杆长期型,"低杠杆长期型:$269.07K,极高杠杆短线型:$30.19K"
1806,MEME,72592.974941,204383.920442,9.021961858916733,5.127268965287225,,10279.257135914771,0.6457669494754865,0.8748665314536926,0.3542330505245136,0.12513346854630739,低杠杆长期型,"低杠杆长期型:$225.69K,极高杠杆短线型:$51.29K"
1806,XAI,119717.38765399999,146554.737995,9.761819956927141,8.546245282276244,,19074.906242597925,0.6022458848866389,0.673750277513162,0.39775411511336123,0.326249722486838,低杠杆长期型,"低杠杆长期型:$170.84K,极高杠杆短线型:$95.43K"
1806,MERL,106317.47535300002,159618.04482700003,3.549794846265136,3.407992495407287,,8983.418942508413,0.9676591266902861,0.9760004414466301,0.032340873309713865,0.023999558553369844,低杠杆长期型,"低杠杆长期型:$258.67K,极高杠杆短线型:$7.27K"
1806,AIXBT,118867.578984,142535.899934,8.11642648749381,7.303020498779603,39.76555802779961,36543.375243550574,0.6990337360297759,0.7468811471306119,0.300966263970224,0.2531188528693883,低杠杆长期型,"低杠杆长期型:$189.55K,极高杠杆短线型:$71.85K"
1806,SUSHI,104970.409281,155212.04869,10.385536338652013,8.0587537409239,28.463570651715703,8424.031870452225,0.5655566859616464,0.7024262505338883,0.4344433140383537,0.29757374946611176,低杠杆长期型,"低杠杆长期型:$168.39K,极高杠杆短线型:$91.79K"
1806,kFLOKI,118107.600779,139053.24896400003,9.611279892723356,8.44913387302564,,43673.42386470227,0.6925813404851098,0.733745186769529,0.30741865951489034,0.26625481323047095,中杠杆趋势型,"中杠杆趋势型:$145.96K,极高杠杆短线型:$73.33K,低杠杆长期型:$37.87K"
1806,kLUNC,115674.00822199999,138759.69578200002,5.686223322162905,5.56309583815141,,11468.688629854558,0.841986863402182,0.8492296565793286,0.15801313659781793,0.15077034342067117,低杠杆长期型,"低杠杆长期型:$215.23K,极高杠杆短线型:$39.20K"
1806,MOODENG,69605.50020200001,156506.468539,4.701732603662785,3.870035167141151,19.283430518572004,32619.685165802937,0.899898082137483,0.9488214607564028,0.10010191786251678,0.05117853924359706,低杠杆长期型,"低杠杆长期型:$211.13K,极高杠杆短线型:$14.98K"
1806,ORDI,19875.456112,205880.44370099995,17.58818907239778,4.721790350728094,,15258.591882494493,0.14187123103542493,0.8987182146630533,0.8581287689645751,0.10128178533694661,低杠杆长期型,"低杠杆长期型:$187.85K,极高杠杆短线型:$37.91K"
1806,BIO,26431.202598999997,186713.688979,12.59315982427501,4.390562803824211,,18144.165272597613,0.43569648092499946,0.9182021880103406,0.5643035190750005,0.08179781198965949,低杠杆长期型,"低杠杆长期型:$182.96K,极高杠杆短线型:$30.19K"
1806,0G,16187.42994,187135.44708599997,7.8518538280079815,3.2789707779200628,,8649.529816457061,0.7145968336465893,0.9835899542399964,0.2854031663534106,0.01641004576000364,低杠杆长期型,"低杠杆长期型:$195.63K,极高杠杆短线型:$7.69K"
1806,SNX,104581.28514599998,92544.14918699999,3.962889570102511,4.330533257582718,,12161.61957735529,0.9333502229842642,0.9217333377892523,0.06664977701573598,0.07826666221074803,低杠杆长期型,"低杠杆长期型:$182.91K,极高杠杆短线型:$14.21K"
1806,SAND,108953.99935299999,87543.01545499999,11.12566152792282,12.342970179961805,,8253.434851322796,0.5916225648051453,0.5104686546692134,0.4083774351948547,0.4895313453307868,中杠杆趋势型,"中杠杆趋势型:$109.15K,极高杠杆短线型:$87.35K"
1806,GALA,87708.291305,95551.71431899999,4.687261761255674,4.743929337611741,,13103.07909731825,0.900749308161431,0.8974159213169562,0.09925069183856905,0.10258407868304362,低杠杆长期型,"低杠杆长期型:$164.75K,极高杠杆短线型:$18.51K"
1806,BSV,27232.53778,145952.86173400003,14.843453227369396,5.4293766712585185,,15475.147608073848,0.30332628074297674,0.8570954899259692,0.6966737192570234,0.14290451007403057,低杠杆长期型,"低杠杆长期型:$133.36K,极高杠杆短线型:$39.83K"
1806,UMA,61516.13125099999,110811.90495400001,17.54730621957721,11.463076840789817,,10660.256576102212,0.14427610473075264,0.5021719505417753,0.8557238952692475,0.49782804945822456,极高杠杆短线型,"极高杠杆短线型:$107.81K,低杠杆长期型:$64.52K"
1806,NOT,74401.55883800001,97570.09229999999,19.30481919731522,15.535876624152788,,9930.482379451061,0.04089298839322257,0.2625954926968948,0.9591070116067774,0.7374045073031052,极高杠杆短线型,"极高杠杆短线型:$143.31K,低杠杆长期型:$28.66K"
1806,TURBO,34864.22081199999,128556.39208999998,19.817914256617637,7.617969461264772,,18680.45203246447,0.01071092608131569,0.7283547375726604,0.9892890739186845,0.2716452624273395,低杠杆长期型,"低杠杆长期型:$94.01K,极高杠杆短线型:$69.41K"
1806,ME,59549.842487999995,95376.619518,18.438095410668087,12.731989590675568,,9405.669837527268,0.09187674054893633,0.4275300240779079,0.9081232594510638,0.572469975922092,极高杠杆短线型,"极高杠杆短线型:$108.68K,低杠杆长期型:$46.25K"
1806,NXPC,81256.55840000001,69833.76843,13.242894078196647,14.952842243315269,,6465.240497953149,0.39747681892960895,0.2968916327461608,0.6025231810703909,0.7031083672538392,极高杠杆短线型,"极高杠杆短线型:$98.06K,低杠杆长期型:$53.03K"
1806,DYM,22329.33243,114939.80334500001,8.735491754914054,4.358832014643377,,21756.6879283437,0.6626181320638791,0.9200687050209778,0.33738186793612085,0.07993129497902221,低杠杆长期型,"低杠杆长期型:$120.55K,极高杠杆短线型:$16.72K"
1806,ANIME,57423.046331,77161.060399,8.600467635455027,7.335809644994663,,36333.1171213098,0.6705607273261749,0.7449523738238433,0.3294392726738251,0.25504762617615667,低杠杆长期型,"低杠杆长期型:$95.99K,极高杠杆短线型:$38.60K"
1806,SUPER,15643.02557,118696.62980000001,18.373484422425577,5.085742741029367,,8687.808286744736,0.09567738691614247,0.8773092505276843,0.9043226130838575,0.12269074947231567,低杠杆长期型,"低杠杆长期型:$105.63K,极高杠杆短线型:$28.71K"
1806,BIGTIME,60674.666655999994,69611.586185,11.614489658614598,10.792441728168617,,24606.447157522685,0.49326531419914127,0.5416210748136109,0.5067346858008588,0.4583789251863893,低杠杆长期型,"低杠杆长期型:$67.63K,极高杠杆短线型:$62.65K"
1806,AXS,67657.93458,57785.15050699999,11.068628583015784,12.22539085387382,,10565.859058682523,0.595424761132281,0.5180635509182165,0.4045752388677189,0.48193644908178357,中杠杆趋势型,"中杠杆趋势型:$70.22K,极高杠杆短线型:$55.22K"
1806,RSR,55985.810482,65906.313801,11.848692131719277,10.45165645833083,,20302.59157607686,0.4794886981341602,0.5616672671570099,0.5205113018658398,0.43833273284299,低杠杆长期型,"低杠杆长期型:$63.86K,极高杠杆短线型:$58.03K"
1806,FOGO,45007.115060000004,72477.80475600004,13.313181923307212,9.898899805303586,,27652.03562829249,0.35345454925943876,0.5941823643939061,0.6465454507405611,0.4058176356060933,低杠杆长期型,"低杠杆长期型:$58.97K,极高杠杆短线型:$58.51K"
1806,INIT,107603.25077799999,8244.72325,3.273366518811661,5.770950242144272,,397837.42253611534,0.9839196165404905,0.83700292693269,0.016080383459509465,0.16299707306731007,低杠杆长期型,"低杠杆长期型:$112.77K,极高杠杆短线型:$3.07K"
1806,MANTA,29807.318496000004,84491.47236599999,15.40657634592747,7.988275402141074,,14621.221706098497,0.27020139141603117,0.7065720351681724,0.7297986085839688,0.29342796483182787,低杠杆长期型,"低杠杆长期型:$67.75K,极高杠杆短线型:$46.55K"
1806,BANANA,34792.741984,79272.20360600001,20.0,10.637090154690455,,29074.352634075673,0.0,0.5507594026652671,1.0,0.44924059733473276,极高杠杆短线型,"极高杠杆短线型:$70.41K,低杠杆长期型:$43.66K"
1806,GOAT,26819.802786999997,86770.03397599998,8.730164743586116,4.897238660590289,,58086.69433229043,0.662931485671405,0.8883977258476302,0.337068514328595,0.11160227415236991,低杠杆长期型,"低杠杆长期型:$94.87K,极高杠杆短线型:$18.72K"
1806,BRETT,51511.777685999994,60091.04635,9.406358698210664,8.624306385205754,17.05190071725179,21459.52715015301,0.6231553706934905,0.6691584479290731,0.3768446293065096,0.3308415520709268,低杠杆长期型,"低杠杆长期型:$72.31K,极高杠杆短线型:$39.29K"
1806,CELO,51093.444867000006,60123.950871,17.41754667170189,15.906133785600536,,21430.864722458322,0.15190901931165338,0.2408156596705566,0.8480909806883465,0.7591843403294434,极高杠杆短线型,"极高杠杆短线型:$88.98K,低杠杆长期型:$22.24K"
1806,YGG,57343.855377,49098.724137,13.822219114672771,15.889081395561234,,10857.015108790392,0.36339887560748446,0.24181874143757448,0.6366011243925156,0.7581812585624256,极高杠杆短线型,"极高杠杆短线型:$73.73K,低杠杆长期型:$32.71K"
1806,MOVE,64471.004265999996,38470.767228000004,6.44862977467614,7.9293826245809145,,34138.62055735087,0.7971394250190507,0.7100363162011226,0.2028605749809494,0.2899636837988772,低杠杆长期型,"低杠杆长期型:$78.71K,极高杠杆短线型:$24.23K"
1806,NEO,23731.138950999997,74247.132988,16.29133504309572,8.632377604446875,,24629.261021225357,0.24724433046028566,0.7578296965230154,0.7527556695397145,0.24217030347698468,中杠杆趋势型,"中杠杆趋势型:$62.13K,极高杠杆短线型:$35.84K"
1806,kNEIRO,32500.462712000004,62420.164418,7.494722237848733,6.22819024598552,,29623.419726904267,0.735604574244192,0.8101064561184986,0.2643954257558079,0.18989354388150115,低杠杆长期型,"低杠杆长期型:$74.47K,极高杠杆短线型:$20.45K"
1806,WCT,18447.424534,54410.868697000005,20.0,9.00672581195198,,23423.840528884437,0.0,0.6466631875322363,1.0,0.3533368124677636,极高杠杆短线型,"极高杠杆短线型:$37.67K,低杠杆长期型:$35.19K"
1806,GMT,39323.364426,17380.244867999998,3.985383313040734,5.114800379922934,,46636.62260567929,0.9420362757034861,0.8755999776515924,0.05796372429651373,0.12440002234840783,低杠杆长期型,"低杠杆长期型:$52.26K,极高杠杆短线型:$4.44K"
1806,BABY,14940.297019,39602.387190999994,14.01885644011238,7.2596669713470465,,55140.37977702615,0.3518319741110362,0.7494313546266446,0.6481680258889637,0.25056864537335566,低杠杆长期型,"低杠杆长期型:$34.94K,极高杠杆短线型:$19.61K"
1806,POLYX,17987.146195999994,33025.248918000005,10.896011951667136,7.6000661942989565,,34412.5133637034,0.5355287087254629,0.7294078709235906,0.4644712912745374,0.2705921290764092,低杠杆长期型,"低杠杆长期型:$33.72K,极高杠杆短线型:$17.29K"
1806,HYPER,26799.040862,22769.827376,6.514516095594733,7.369348905335328,,31494.84215727028,0.7932637590826626,0.7429794761567454,0.20673624091733733,0.25702052384325463,低杠杆长期型,"低杠杆长期型:$38.18K,极高杠杆短线型:$11.39K"
1806,PROVE,28392.203837000005,20759.194477,5.412736705937871,7.218627084833586,,59344.01662633255,0.8580743114154192,0.7518454655980243,0.1419256885845807,0.24815453440197566,低杠杆长期型,"低杠杆长期型:$39.97K,极高杠杆短线型:$9.18K"
1806,GAS,12468.866686,24086.89762,3.403518449327015,4.281863406699696,,48250.704596296324,0.9762636206278227,0.9245962701941355,0.02373637937217737,0.07540372980586448,低杠杆长期型,"低杠杆长期型:$34.44K,极高杠杆短线型:$2.11K"
1806,TNSR,1847.0377429999999,16013.137682999999,3.0000000000000004,3.0000000000000004,,53334.75186668395,1.0,1.0,0.0,0.0,低杠杆长期型,低杠杆长期型:$17.86K
