run_id,signal_time_cn,signal_time_utc,coin,direction,direction_cn,final_score,alert_score,long_score,long_qualified,signal_category,threshold_score,watchlist,confidence,signal_state,signal_type,base_flow_score,rolling_flow_score,rolling_leverage_score,leverage_confirm,has_perp_confirm,confidence_adj,market_adj,price_position_adj,leverage_adj,funding_liquidity_adj,perp_active,spot_active,weighted_flow,avg_leverage,avg_liq_distance,funding_rate_pct,funding_risk,day_volume_usd,liquidity_risk,risk,reason,dominant_wallets
1797,2026-09-08 03:00:59,2026-09-07 19:25:18,ZEC,bullish,偏多,3.159607350889415,3.159607350889415,1.6934294035576618,0,只观察,8.0,observe,低,合约主导,低位吸筹,3.0,1.825,-0.2866,0,1,0.0,-0.5,1.2,-0.8,0.0,4665521.130000001,0.0,441519.43430837285,7.548228208923283,48.14310996741037,0.00125,低,347082831.97400004,低,历史样本/胜率不足；窗口内含断跑gap；长期资格未通过：高杠杆占比过高；同方向高杠杆/爆仓边缘仓位占比62%；长期多空硬门槛未通过：高杠杆占比过高(62%),本轮合约主动变化$4.67M；主滚动窗口取15d：$30.08M，资金分+1.6；杠杆风险：高风险62% 均7.3x；15d$30.08M 质量=0.75 覆盖=100% 钱包=70 持续=165轮/16天；含断跑gap=3；其他成熟窗口同向确认1组，确认分+0.2；长期资格未通过：高杠杆占比过高；历史样本不足；该币24h弱于BTC；价格靠近24h低位，多头加分；同方向平均强平距离48.1%较安全；资金费率中性：+0.0013%；流动性可接受：24h成交额$347.08M,0x5323...b23c[smart_money] ZEC合约多 5x 方向反转 $2.68M cross 中杠杆趋势型；0x7fda...17d1[money_printer] ZEC合约空 10x 合约空单变化 $589.79K cross 强平距=+276.99% 高杠杆短线型；0x7717...bd7e[money_printer] ZEC合约空 10x 合约空单变化 $502.82K cross 强平距=+2234.99% 高杠杆短线型
1797,2026-09-08 03:00:59,2026-09-07 19:25:18,ETH,bullish,偏多,2.7177088019011766,2.7177088019011766,0.8608352076047072,0,只观察,9.0,observe,低,合约主导,普通趋势,3.0,2.2,-0.5292,0,1,0.0,0.0,0.0,-1.4,0.0,5195262.457,0.0,1067373.6343112558,18.22734785673922,41.257188070355866,0.00125,低,841666094.0519509,低,历史样本/胜率不足；窗口内含断跑gap；长期资格未通过：高杠杆占比过高；同方向高杠杆/爆仓边缘仓位占比94%；同方向平均杠杆18.2x，偏短线；长期多空硬门槛未通过：高杠杆占比过高(94%)、平均杠杆过高(18.2x),本轮合约主动变化$5.20M；主滚动窗口取30d：$118.76M，资金分+2.0；杠杆风险：高风险88% 均16.6x；30d$118.76M 质量=0.75 覆盖=100% 钱包=72 持续=376轮/31天；含断跑gap=6；其他成熟窗口同向确认1组，确认分+0.2；长期资格未通过：高杠杆占比过高；历史样本不足；同方向平均强平距离41.3%较安全；资金费率中性：+0.0013%；流动性可接受：24h成交额$841.67M,0xecb6...2b00[money_printer] ETH合约空 15x 合约空单变化 $3.27M cross 强平距=+112.04% 高杠杆短线型
1797,2026-09-08 03:00:59,2026-09-07 19:25:18,PONS,bearish,偏空,-2.3,-2.3,-3.35,0,只观察,8.0,observe,低,追涨杀跌风险,低位追空,-1.0,-1.2,-0.6,1,1,0.0,0.8,-1.0,1.8,0.0,-303102.24912999984,0.0,-1351693.0255771414,2.4989144445557114,664.6791377289705,0.0046083,低,134706264.63991004,低,历史样本/胜率不足；窗口内含断跑gap；价格位置有追涨杀跌风险；长期多空硬门槛未通过：低位追空,本轮钱包质量加权资金流-$1.35M；主滚动窗口取72h：-$6.44M，资金分-1.2；杠杆风险：高风险0% 均2.5x；72h-$6.44M 质量=0.75 覆盖=99% 钱包=9 持续=38轮/4天；含断跑gap=1；历史样本不足；该币24h弱于BTC；低位且短线跌幅大，追空风险；同方向低/中杠杆仓位占比100%；同方向平均杠杆2.5x，适合长期参考；同方向平均强平距离664.7%较安全；资金费率中性：+0.0046%；流动性可接受：24h成交额$134.71M,-
1797,2026-09-08 03:00:59,2026-09-07 19:25:18,BTC,bullish,偏多,1.9,1.9,0.0,0,只观察,10.0,observe,低,合约主导,普通趋势,3.0,0.0,0.0,0,1,0.0,0.0,0.0,-2.2,0.0,10867159.84607997,0.0,-551831.581483382,25.275332269115683,39.111004775992576,-0.00062595,低,1571539365.1318507,低,历史样本/胜率不足；长期资格未通过：滚动窗口未成熟；同方向高杠杆/爆仓边缘仓位占比91%；同方向平均杠杆25.3x，极高杠杆短线风险；长期多空硬门槛未通过：高杠杆占比过高(91%)、平均杠杆过高(25.3x),本轮合约主动变化$10.87M；长期资格未通过：滚动窗口未成熟；历史样本不足；资金费率中性：-0.0006%；流动性可接受：24h成交额$1.57B,-
1797,2026-09-08 03:00:59,2026-09-07 19:25:18,UANSEM,bullish,偏多,1.7475,1.7475,0.8300000000000001,0,只观察,8.0,observe,低,现货主导,普通趋势,1.6,0.59,0.0,0,0,0.0,0.0,0.0,0.0,0.0,0.0,672074.4908799999,611587.7867008,,,,,,,历史样本/胜率不足；滚动信号现货主导，可能是转账/归集/划转，不等于合约方向；长期资格未通过：现货主导，可能是转账/归集/划转、缺少合约/低杠杆确认；长期多空硬门槛未通过：spot-only/现货主导、缺少合约/低杠杆确认,本轮现货主动变化$672.07K；主滚动窗口取15d：$10.98M，资金分+0.8；15d$10.98M 质量=0.40 覆盖=88% 钱包=6 持续=19轮/7天；现货主导100%且无合约低杠杆确认；存在反向滚动窗口1组，冲突扣分-0.2；长期资格未通过：现货主导，可能是转账/归集/划转、缺少合约/低杠杆确认；历史样本不足,0x36c0...2e0b[smart_money] 现货现货买入 UANSEM $672.07K 数量Δ=3.33K @ 202
1797,2026-09-08 03:00:59,2026-09-07 19:25:18,KNTQ,bullish,偏多,1.04,1.04,0.5070000000000001,0,只观察,8.0,observe,低,现货主导,普通趋势,1.6,-0.78,0.0,0,0,0.0,0.0,0.0,0.0,0.0,0.0,661118.7480252826,-793342.4976303391,,,,,,,历史样本/胜率不足；滚动信号现货主导，可能是转账/归集/划转，不等于合约方向；窗口内含断跑gap；本轮异动与滚动方向冲突；长期资格未通过：现货主导，可能是转账/归集/划转、缺少合约/低杠杆确认、本轮异动与滚动方向冲突；长期多空硬门槛未通过：spot-only/现货主导、缺少合约/低杠杆确认,本轮现货主动变化$661.12K；主滚动窗口取30d：-$24.90M，资金分-0.8；30d-$24.90M 质量=0.30 覆盖=93% 钱包=29 持续=110轮/25天；含断跑gap=2；现货主导100%且无合约低杠杆确认；长期资格未通过：现货主导，可能是转账/归集/划转、缺少合约/低杠杆确认、本轮异动与滚动方向冲突；历史样本不足,0xaf0f...e92e[money_printer] 现货现货买入 KNTQ $661.12K 数量Δ=18.39K @ 35.95
1797,2026-09-08 03:00:59,2026-09-07 19:25:18,LIT,bullish,偏多,0.975,0.975,3.8499670476187564,0,只观察,8.0,observe,低,滚动建仓/减仓,高位突破,0.0,1.7,0.46,1,1,0.0,0.8,0.3,1.4,0.0,-294283.7056499999,0.0,-193338.42776130297,4.882830593194292,40.922140100125965,0.00125,低,29939420.84909999,低,历史样本/胜率不足；窗口内含断跑gap,主滚动窗口取30d：$24.32M，资金分+2.0；杠杆健康：低/中杠杆99% 均4.8x；30d$24.32M 质量=0.75 覆盖=100% 钱包=15 持续=364轮/31天；含断跑gap=6；存在反向滚动窗口1组，冲突扣分-0.2；历史样本不足；该币24h强于BTC；靠近24h高位，可能突破延续；同方向低/中杠杆仓位占比100%；同方向平均强平距离40.9%较安全；资金费率中性：+0.0013%；流动性可接受：24h成交额$29.94M,-
1797,2026-09-08 03:00:59,2026-09-07 19:25:18,XMR,bearish,偏空,-0.7749999999999999,-0.7749999999999999,-3.5825000000000005,0,只观察,8.0,observe,低,滚动建仓/减仓,低位破位,0.0,-1.7,-0.4725,1,1,0.0,0.0,0.3,1.4,0.0,402602.59749000025,0.0,-135372.13078981655,4.708915936109675,418.3333048153291,0.00259303,低,31357466.57872,低,历史样本/胜率不足；窗口内含断跑gap,主滚动窗口取30d：-$14.58M，资金分-2.0；杠杆风险：高风险0% 均4.6x；30d-$14.58M 质量=0.75 覆盖=100% 钱包=5 持续=397轮/31天；含断跑gap=6；存在反向滚动窗口1组，冲突扣分+0.2；历史样本不足；靠近24h低位，可能破位延续；同方向低/中杠杆仓位占比100%；同方向平均强平距离418.3%较安全；资金费率中性：+0.0026%；流动性可接受：24h成交额$31.36M,-
1797,2026-09-08 03:00:59,2026-09-07 19:25:18,TAO,bullish,偏多,0.675,0.675,3.375473817135015,0,只观察,8.0,observe,低,滚动建仓/减仓,低位吸筹,0.0,1.95,0.1005,1,1,0.0,-0.5,1.2,1.0,0.0,258933.1611200001,0.0,-74608.54145729833,4.932573870422235,27.920152339608048,0.00125,低,53844037.49342,低,历史样本/胜率不足；窗口内含断跑gap,主滚动窗口取30d：$10.83M，资金分+2.0；30d$10.83M 质量=0.75 覆盖=100% 钱包=4 持续=387轮/30天；含断跑gap=6；历史样本不足；该币24h弱于BTC；价格靠近24h低位，多头加分；同方向低/中杠杆仓位占比100%；资金费率中性：+0.0013%；流动性可接受：24h成交额$53.84M,-
1797,2026-09-08 03:00:59,2026-09-07 19:25:18,HYPE,bearish,偏空,-0.63375,-0.63375,-1.17975,0,只观察,7.0,observe,低,滚动建仓/减仓,低位破位,1.0,-1.95,0.105,0,1,0.0,0.0,0.3,-0.2,0.0,1088228.0587749954,12.190864181069742,2180875.6245121183,6.885816098307155,140.15914572303222,0.00125,低,330238619.53522986,低,历史样本/胜率不足；窗口内含断跑gap；本轮异动与滚动方向冲突；长期资格未通过：本轮异动与滚动方向冲突；同方向高杠杆仓位偏多43%,本轮钱包质量加权资金流$2.18M；主滚动窗口取30d：-$51.08M，资金分-2.0；30d-$51.08M 质量=0.75 覆盖=100% 钱包=98 持续=349轮/31天；含断跑gap=6；其他成熟窗口同向确认1组，确认分-0.2；存在反向滚动窗口1组，冲突扣分+0.2；长期资格未通过：本轮异动与滚动方向冲突；历史样本不足；靠近24h低位，可能破位延续；同方向平均强平距离140.2%较安全；资金费率中性：+0.0013%；流动性可接受：24h成交额$330.24M,0x4e23...20c3[money_printer] HYPE合约多 5x 合约多单变化 $2.77M cross 中杠杆趋势型
1797,2026-09-08 03:00:59,2026-09-07 19:25:18,PUMP,bullish,偏多,0.0,0.0,1.9373131581708114,0,只观察,8.0,observe,低,滚动建仓/减仓,普通趋势,0.0,2.45,-0.2527,0,1,0.0,0.8,0.0,-0.6,0.0,368248.6618110001,0.0,-430622.72246051027,7.291204978562403,36.473226902860006,0.00125,低,150363551.700966,低,历史样本/胜率不足；窗口内含断跑gap；长期资格未通过：高杠杆占比过高；同方向高杠杆仓位偏多57%；长期多空硬门槛未通过：高杠杆占比过高(57%),主滚动窗口取30d：$17.71M，资金分+2.0；杠杆风险：高风险61% 均7.5x；30d$17.71M 质量=0.75 覆盖=100% 钱包=34 持续=353轮/31天；含断跑gap=6；其他成熟窗口同向确认2组，确认分+0.5；长期资格未通过：高杠杆占比过高；历史样本不足；该币24h强于BTC；资金费率中性：+0.0013%；流动性可接受：24h成交额$150.36M,-
1797,2026-09-08 03:00:59,2026-09-07 19:25:18,NEKO,bearish,偏空,-0.0,-0.0,-0.7800000000000001,0,只观察,8.0,observe,低,滚动建仓/减仓,普通趋势,0.0,-0.78,0.0,0,0,0.0,0.0,0.0,0.0,0.0,0.0,0.0,0.0,,,,,,,历史样本/胜率不足；滚动信号现货主导，可能是转账/归集/划转，不等于合约方向；窗口内含断跑gap；长期资格未通过：现货主导，可能是转账/归集/划转、缺少合约/低杠杆确认；长期多空硬门槛未通过：spot-only/现货主导、缺少合约/低杠杆确认,主滚动窗口取30d：-$1.07B，资金分-0.8；30d-$1.07B 质量=0.30 覆盖=93% 钱包=46 持续=25轮/14天；含断跑gap=2；现货主导100%且无合约低杠杆确认；长期资格未通过：现货主导，可能是转账/归集/划转、缺少合约/低杠杆确认；历史样本不足,-
1797,2026-09-08 03:00:59,2026-09-07 19:25:18,MAX,bearish,偏空,-0.0,-0.0,-0.7800000000000001,0,只观察,8.0,observe,低,滚动建仓/减仓,普通趋势,0.0,-0.78,0.0,0,0,0.0,0.0,0.0,0.0,0.0,0.0,0.0,0.0,,,,,,,历史样本/胜率不足；滚动信号现货主导，可能是转账/归集/划转，不等于合约方向；窗口内含断跑gap；长期资格未通过：现货主导，可能是转账/归集/划转、缺少合约/低杠杆确认；长期多空硬门槛未通过：spot-only/现货主导、缺少合约/低杠杆确认,主滚动窗口取30d：-$17.66M，资金分-0.8；30d-$17.66M 质量=0.30 覆盖=94% 钱包=10 持续=49轮/23天；含断跑gap=3；现货主导100%且无合约低杠杆确认；长期资格未通过：现货主导，可能是转账/归集/划转、缺少合约/低杠杆确认；历史样本不足,-
1797,2026-09-08 03:00:59,2026-09-07 19:25:18,SOL,bearish,偏空,-0.0,-0.0,-0.3325,0,只观察,8.0,observe,低,滚动建仓/减仓,低位破位,0.0,-1.95,0.5075,1,1,0.0,0.0,0.3,-1.4,0.0,-1377769.2483999922,0.0,-149206.64571542144,13.963186950328375,220.596396117532,0.00114352,低,144103669.3282,低,历史样本/胜率不足；窗口内含断跑gap；长期资格未通过：高杠杆占比过高；同方向高杠杆/爆仓边缘仓位占比86%；同方向平均杠杆14.0x，偏短线；长期多空硬门槛未通过：高杠杆占比过高(86%)、平均杠杆过高(14.0x),主滚动窗口取30d：-$36.27M，资金分-2.0；杠杆健康：低/中杠杆18% 均14.0x；30d-$36.27M 质量=0.75 覆盖=100% 钱包=41 持续=385轮/31天；含断跑gap=6；长期资格未通过：高杠杆占比过高；历史样本不足；靠近24h低位，可能破位延续；同方向平均强平距离220.6%较安全；资金费率中性：+0.0011%；流动性可接受：24h成交额$144.10M,-
1797,2026-09-08 03:00:59,2026-09-07 19:25:18,BASED,bullish,偏多,0.0,0.0,0.28080000000000005,0,只观察,8.0,observe,低,滚动建仓/减仓,普通趋势,0.0,0.2808,0.0,0,0,0.0,0.0,0.0,0.0,0.0,0.0,0.0,0.0,,,,,,,历史样本/胜率不足；滚动信号现货主导，可能是转账/归集/划转，不等于合约方向；滚动信号钱包集中度过高，可能是单钱包异动；长期资格未通过：钱包集中度过高、现货主导，可能是转账/归集/划转、缺少合约/低杠杆确认；长期多空硬门槛未通过：spot-only/现货主导、钱包集中度过高、Top1贡献过高(80%)、缺少合约/低杠杆确认,主滚动窗口取30d：$52.42M，资金分+0.3；30d$52.42M 质量=0.11 覆盖=93% 钱包=2 持续=23轮/17天；参与钱包少：2/3个；Top1占比80%；现货主导100%且无合约低杠杆确认；长期资格未通过：钱包集中度过高、现货主导，可能是转账/归集/划转、缺少合约/低杠杆确认；历史样本不足,-
1797,2026-09-08 03:00:59,2026-09-07 19:25:18,HWAVE,bullish,偏多,0.0,0.0,0.145,0,只观察,8.0,observe,低,滚动建仓/减仓,普通趋势,0.0,0.145,0.0,0,0,0.0,0.0,0.0,0.0,0.0,0.0,0.0,0.0,,,,,,,历史样本/胜率不足；滚动信号现货主导，可能是转账/归集/划转，不等于合约方向；滚动信号钱包集中度过高，可能是单钱包异动；滚动信号持续性不足，不能按长期建仓处理；长期资格未通过：持续性不足、钱包集中度过高、现货主导，可能是转账/归集/划转、缺少合约/低杠杆确认；长期多空硬门槛未通过：spot-only/现货主导、钱包集中度过高、持续性不足、Top1贡献过高(100%)、缺少合约/低杠杆确认,主滚动窗口取15d：-$30.34M，资金分-0.1；15d-$30.34M 质量=0.05 覆盖=85% 钱包=1 持续=6轮/5天；持续性不足：6/12轮 5/6天；参与钱包少：1/3个；Top1占比100%；现货主导100%且无合约低杠杆确认；存在反向滚动窗口1组，冲突扣分+0.2；长期资格未通过：持续性不足、钱包集中度过高、现货主导，可能是转账/归集/划转、缺少合约/低杠杆确认；历史样本不足,-
1797,2026-09-08 03:00:59,2026-09-07 19:25:18,UAVAX,bearish,偏空,-0.0,-0.0,-0.13,0,只观察,8.0,observe,低,滚动建仓/减仓,普通趋势,0.0,-0.13,0.0,0,0,0.0,0.0,0.0,0.0,0.0,0.0,-12716.75,17549.114999999998,,,,,,,历史样本/胜率不足；滚动信号现货主导，可能是转账/归集/划转，不等于合约方向；滚动信号钱包集中度过高，可能是单钱包异动；窗口内含断跑gap；长期资格未通过：钱包集中度过高、现货主导，可能是转账/归集/划转、缺少合约/低杠杆确认；长期多空硬门槛未通过：spot-only/现货主导、钱包集中度过高、Top1贡献过高(100%)、缺少合约/低杠杆确认,主滚动窗口取30d：-$27.05M，资金分-0.1；30d-$27.05M 质量=0.05 覆盖=100% 钱包=1 持续=83轮/27天；含断跑gap=1；参与钱包少：1/3个；Top1占比100%；现货主导100%且无合约低杠杆确认；长期资格未通过：钱包集中度过高、现货主导，可能是转账/归集/划转、缺少合约/低杠杆确认；历史样本不足,-
1797,2026-09-08 03:00:59,2026-09-07 19:25:18,UPUMP,bullish,偏多,0.0,0.0,0.10100000000000003,0,只观察,8.0,observe,低,滚动建仓/减仓,普通趋势,0.0,0.101,0.0,0,0,0.0,0.0,0.0,0.0,0.0,0.0,80636.74899145614,274401.8737067903,,,,,,,历史样本/胜率不足；滚动信号现货主导，可能是转账/归集/划转，不等于合约方向；滚动信号钱包集中度过高，可能是单钱包异动；窗口内含断跑gap；长期资格未通过：钱包集中度过高、现货主导，可能是转账/归集/划转、缺少合约/低杠杆确认；长期多空硬门槛未通过：spot-only/现货主导、钱包集中度过高、Top1贡献过高(78%)、缺少合约/低杠杆确认,主滚动窗口取30d：$24.96M，资金分+0.4；30d$24.96M 质量=0.14 覆盖=100% 钱包=22 持续=367轮/31天；含断跑gap=6；Top1占比78%；现货主导100%且无合约低杠杆确认；存在反向滚动窗口1组，冲突扣分-0.2；长期资格未通过：钱包集中度过高、现货主导，可能是转账/归集/划转、缺少合约/低杠杆确认；历史样本不足,-
